Date,Hour,TotalCheckouts
2010-01-01,15,1
2010-01-02,9,28
2010-01-02,10,2145
2010-01-02,11,3447
2010-01-02,12,4320
2010-01-02,13,4541
2010-01-02,14,4551
2010-01-02,15,4868
2010-01-02,16,4536
2010-01-02,17,3852
2010-01-02,21,4
2010-01-02,23,1
2010-01-03,8,3
2010-01-03,9,1
2010-01-03,10,2
2010-01-03,11,21
2010-01-03,12,2054
2010-01-03,13,2683
2010-01-03,14,2804
2010-01-03,15,3439
2010-01-03,16,3119
2010-01-03,17,336
2010-01-03,20,1
2010-01-04,6,1
2010-01-04,8,173
2010-01-04,9,151
2010-01-04,10,279
2010-01-04,11,484
2010-01-04,12,891
2010-01-04,13,3076
2010-01-04,14,3597
2010-01-04,15,3791
2010-01-04,16,4811
2010-01-04,17,4259
2010-01-04,18,2952
2010-01-04,19,2806
2010-01-04,20,9
2010-01-05,6,4
2010-01-05,7,37
2010-01-05,8,70
2010-01-05,9,153
2010-01-05,10,538
2010-01-05,11,362
2010-01-05,12,564
2010-01-05,13,3835
2010-01-05,14,3991
2010-01-05,15,4161
2010-01-05,16,4723
2010-01-05,17,4314
2010-01-05,18,3265
2010-01-05,19,2819
2010-01-05,20,49
2010-01-05,23,4
2010-01-06,8,30
2010-01-06,9,24
2010-01-06,10,1972
2010-01-06,11,2808
2010-01-06,12,2998
2010-01-06,13,3159
2010-01-06,14,3097
2010-01-06,15,3730
2010-01-06,16,4231
2010-01-06,17,4501
2010-01-06,18,3455
2010-01-06,19,2839
2010-01-06,20,14
2010-01-06,23,3
2010-01-07,6,1
2010-01-07,8,52
2010-01-07,9,164
2010-01-07,10,1640
2010-01-07,11,2344
2010-01-07,12,2304
2010-01-07,13,2487
2010-01-07,14,2749
2010-01-07,15,3281
2010-01-07,16,4008
2010-01-07,17,3339
2010-01-07,18,2465
2010-01-07,19,2511
2010-01-07,20,17
2010-01-07,22,5
2010-01-07,23,1
2010-01-08,8,20
2010-01-08,9,87
2010-01-08,10,1649
2010-01-08,11,2003
2010-01-08,12,2459
2010-01-08,13,2713
2010-01-08,14,3089
2010-01-08,15,3640
2010-01-08,16,4295
2010-01-08,17,4145
2010-01-08,18,55
2010-01-08,23,1
2010-01-09,9,13
2010-01-09,10,2035
2010-01-09,11,2912
2010-01-09,12,3819
2010-01-09,13,4201
2010-01-09,14,4661
2010-01-09,15,4631
2010-01-09,16,4869
2010-01-09,17,4201
2010-01-09,18,66
2010-01-09,22,2
2010-01-09,23,1
2010-01-10,9,6
2010-01-10,10,4
2010-01-10,11,15
2010-01-10,12,1923
2010-01-10,13,2623
2010-01-10,14,3076
2010-01-10,15,3025
2010-01-10,16,3756
2010-01-10,17,372
2010-01-10,18,13
2010-01-10,20,3
2010-01-11,7,4
2010-01-11,8,34
2010-01-11,9,86
2010-01-11,10,272
2010-01-11,11,396
2010-01-11,12,549
2010-01-11,13,2839
2010-01-11,14,3218
2010-01-11,15,4219
2010-01-11,16,4621
2010-01-11,17,4002
2010-01-11,18,3308
2010-01-11,19,2994
2010-01-11,20,33
2010-01-11,23,4
2010-01-12,1,2
2010-01-12,5,4
2010-01-12,6,4
2010-01-12,8,108
2010-01-12,9,233
2010-01-12,10,471
2010-01-12,11,404
2010-01-12,12,574
2010-01-12,13,3770
2010-01-12,14,3638
2010-01-12,15,4127
2010-01-12,16,4560
2010-01-12,17,4186
2010-01-12,18,3232
2010-01-12,19,3018
2010-01-12,20,58
2010-01-12,23,11
2010-01-13,7,3
2010-01-13,8,143
2010-01-13,9,107
2010-01-13,10,1799
2010-01-13,11,2841
2010-01-13,12,3007
2010-01-13,13,3313
2010-01-13,14,3114
2010-01-13,15,3742
2010-01-13,16,3801
2010-01-13,17,3428
2010-01-13,18,2780
2010-01-13,19,2722
2010-01-13,20,30
2010-01-13,23,8
2010-01-14,7,3
2010-01-14,8,17
2010-01-14,9,56
2010-01-14,10,1632
2010-01-14,11,2415
2010-01-14,12,2318
2010-01-14,13,2534
2010-01-14,14,2953
2010-01-14,15,3271
2010-01-14,16,3672
2010-01-14,17,3147
2010-01-14,18,2971
2010-01-14,19,2289
2010-01-14,20,12
2010-01-14,22,1
2010-01-14,23,1
2010-01-15,8,29
2010-01-15,9,73
2010-01-15,10,1606
2010-01-15,11,2065
2010-01-15,12,2609
2010-01-15,13,2830
2010-01-15,14,3084
2010-01-15,15,3824
2010-01-15,16,4064
2010-01-15,17,4700
2010-01-15,18,82
2010-01-15,19,1
2010-01-15,23,1
2010-01-16,8,1
2010-01-16,9,9
2010-01-16,10,1963
2010-01-16,11,3256
2010-01-16,12,4131
2010-01-16,13,4288
2010-01-16,14,4404
2010-01-16,15,4946
2010-01-16,16,4807
2010-01-16,17,4238
2010-01-16,18,26
2010-01-16,20,1
2010-01-17,9,4
2010-01-17,10,2
2010-01-17,11,7
2010-01-17,12,2122
2010-01-17,13,2705
2010-01-17,14,3039
2010-01-17,15,3050
2010-01-17,16,4025
2010-01-17,17,418
2010-01-18,11,2
2010-01-19,7,16
2010-01-19,8,81
2010-01-19,9,63
2010-01-19,10,415
2010-01-19,11,474
2010-01-19,12,627
2010-01-19,13,3996
2010-01-19,14,4229
2010-01-19,15,4677
2010-01-19,16,5114
2010-01-19,17,4864
2010-01-19,18,3600
2010-01-19,19,2988
2010-01-19,20,52
2010-01-20,7,5
2010-01-20,8,361
2010-01-20,9,119
2010-01-20,10,1902
2010-01-20,11,2658
2010-01-20,12,2363
2010-01-20,13,2804
2010-01-20,14,3278
2010-01-20,15,3527
2010-01-20,16,3873
2010-01-20,17,3770
2010-01-20,18,2982
2010-01-20,19,2312
2010-01-20,20,26
2010-01-21,7,49
2010-01-21,8,451
2010-01-21,9,60
2010-01-21,10,1592
2010-01-21,11,2284
2010-01-21,12,2340
2010-01-21,13,2461
2010-01-21,14,2613
2010-01-21,15,3072
2010-01-21,16,3810
2010-01-21,17,3395
2010-01-21,18,2611
2010-01-21,19,2238
2010-01-21,20,20
2010-01-21,23,6
2010-01-22,7,3
2010-01-22,8,135
2010-01-22,9,56
2010-01-22,10,1422
2010-01-22,11,1961
2010-01-22,12,2359
2010-01-22,13,2750
2010-01-22,14,3037
2010-01-22,15,3560
2010-01-22,16,3737
2010-01-22,17,4580
2010-01-22,18,95
2010-01-22,22,5
2010-01-22,23,1
2010-01-23,8,4
2010-01-23,9,10
2010-01-23,10,1623
2010-01-23,11,3117
2010-01-23,12,3469
2010-01-23,13,4039
2010-01-23,14,4074
2010-01-23,15,4667
2010-01-23,16,4726
2010-01-23,17,4116
2010-01-23,18,59
2010-01-23,23,1
2010-01-24,8,1
2010-01-24,10,1
2010-01-24,11,13
2010-01-24,12,1718
2010-01-24,13,2883
2010-01-24,14,2792
2010-01-24,15,2923
2010-01-24,16,3292
2010-01-24,17,470
2010-01-24,18,5
2010-01-24,21,3
2010-01-24,22,4
2010-01-25,8,259
2010-01-25,9,235
2010-01-25,10,422
2010-01-25,11,533
2010-01-25,12,645
2010-01-25,13,3243
2010-01-25,14,3760
2010-01-25,15,4056
2010-01-25,16,4526
2010-01-25,17,4363
2010-01-25,18,3155
2010-01-25,19,3235
2010-01-25,20,13
2010-01-26,8,247
2010-01-26,9,187
2010-01-26,10,500
2010-01-26,11,488
2010-01-26,12,510
2010-01-26,13,3314
2010-01-26,14,3471
2010-01-26,15,3905
2010-01-26,16,4578
2010-01-26,17,4449
2010-01-26,18,3160
2010-01-26,19,2949
2010-01-26,20,25
2010-01-26,23,5
2010-01-27,8,132
2010-01-27,9,24
2010-01-27,10,1970
2010-01-27,11,3080
2010-01-27,12,2853
2010-01-27,13,2992
2010-01-27,14,3289
2010-01-27,15,3649
2010-01-27,16,4185
2010-01-27,17,4155
2010-01-27,18,2758
2010-01-27,19,2512
2010-01-27,20,58
2010-01-27,23,7
2010-01-28,8,253
2010-01-28,9,118
2010-01-28,10,2148
2010-01-28,11,2825
2010-01-28,12,2867
2010-01-28,13,3055
2010-01-28,14,3092
2010-01-28,15,3541
2010-01-28,16,4054
2010-01-28,17,4109
2010-01-28,18,3026
2010-01-28,19,2647
2010-01-28,20,55
2010-01-28,22,2
2010-01-29,7,69
2010-01-29,8,32
2010-01-29,9,27
2010-01-29,10,2199
2010-01-29,11,2501
2010-01-29,12,2995
2010-01-29,13,3319
2010-01-29,14,3216
2010-01-29,15,3615
2010-01-29,16,4484
2010-01-29,17,4561
2010-01-29,18,53
2010-01-29,23,2
2010-01-30,9,15
2010-01-30,10,2177
2010-01-30,11,3405
2010-01-30,12,3761
2010-01-30,13,4084
2010-01-30,14,4670
2010-01-30,15,4670
2010-01-30,16,4772
2010-01-30,17,3973
2010-01-30,18,25
2010-01-30,21,5
2010-01-30,22,1
2010-01-30,23,2
2010-01-31,11,8
2010-01-31,12,2012
2010-01-31,13,2921
2010-01-31,14,3047
2010-01-31,15,3241
2010-01-31,16,3577
2010-01-31,17,314
2010-01-31,18,7
2010-01-31,21,3
2010-02-01,8,95
2010-02-01,9,33
2010-02-01,10,260
2010-02-01,11,498
2010-02-01,12,516
2010-02-01,13,2991
2010-02-01,14,3621
2010-02-01,15,3710
2010-02-01,16,4559
2010-02-01,17,3972
2010-02-01,18,3268
2010-02-01,19,2704
2010-02-01,20,9
2010-02-01,23,1
2010-02-02,5,2
2010-02-02,6,1
2010-02-02,7,4
2010-02-02,8,71
2010-02-02,9,255
2010-02-02,10,276
2010-02-02,11,590
2010-02-02,12,568
2010-02-02,13,3477
2010-02-02,14,3813
2010-02-02,15,4108
2010-02-02,16,4225
2010-02-02,17,4132
2010-02-02,18,3098
2010-02-02,19,2945
2010-02-02,20,30
2010-02-02,23,2
2010-02-03,8,140
2010-02-03,9,50
2010-02-03,10,1434
2010-02-03,11,3002
2010-02-03,12,2813
2010-02-03,13,3320
2010-02-03,14,3368
2010-02-03,15,3868
2010-02-03,16,4241
2010-02-03,17,4540
2010-02-03,18,1815
2010-02-03,19,1737
2010-02-03,20,20
2010-02-03,23,4
2010-02-04,8,60
2010-02-04,9,57
2010-02-04,10,1110
2010-02-04,11,2524
2010-02-04,12,2724
2010-02-04,13,2607
2010-02-04,14,2982
2010-02-04,15,3111
2010-02-04,16,4205
2010-02-04,17,3989
2010-02-04,18,1635
2010-02-04,19,1503
2010-02-04,21,6
2010-02-05,8,63
2010-02-05,9,32
2010-02-05,10,1228
2010-02-05,11,1689
2010-02-05,12,1578
2010-02-05,13,1945
2010-02-05,14,2411
2010-02-05,15,2362
2010-02-05,16,2739
2010-02-05,17,2944
2010-02-05,18,62
2010-02-05,22,1
2010-02-05,23,1
2010-02-06,8,3
2010-02-06,9,9
2010-02-06,10,1375
2010-02-06,11,3951
2010-02-06,12,4226
2010-02-06,13,4536
2010-02-06,14,4789
2010-02-06,15,5049
2010-02-06,16,4956
2010-02-06,17,4289
2010-02-06,18,25
2010-02-07,9,4
2010-02-07,10,3
2010-02-07,11,6
2010-02-07,12,220
2010-02-07,13,2513
2010-02-07,14,2745
2010-02-07,15,2530
2010-02-07,16,2863
2010-02-07,17,321
2010-02-07,18,2
2010-02-07,21,2
2010-02-07,22,2
2010-02-08,8,160
2010-02-08,9,116
2010-02-08,10,1118
2010-02-08,11,1204
2010-02-08,12,1433
2010-02-08,13,3092
2010-02-08,14,3638
2010-02-08,15,4186
2010-02-08,16,4914
2010-02-08,17,4431
2010-02-08,18,3407
2010-02-08,19,3179
2010-02-08,20,10
2010-02-08,23,3
2010-02-09,8,42
2010-02-09,9,189
2010-02-09,10,1084
2010-02-09,11,1212
2010-02-09,12,1504
2010-02-09,13,3352
2010-02-09,14,3772
2010-02-09,15,3667
2010-02-09,16,4521
2010-02-09,17,4709
2010-02-09,18,3284
2010-02-09,19,2867
2010-02-09,20,23
2010-02-09,23,8
2010-02-10,8,17
2010-02-10,9,237
2010-02-10,10,1228
2010-02-10,11,2638
2010-02-10,12,2533
2010-02-10,13,2855
2010-02-10,14,3072
2010-02-10,15,3074
2010-02-10,16,3941
2010-02-10,17,4461
2010-02-10,18,1869
2010-02-10,19,1661
2010-02-10,20,7
2010-02-10,23,5
2010-02-11,7,6
2010-02-11,8,37
2010-02-11,9,54
2010-02-11,10,1102
2010-02-11,11,2426
2010-02-11,12,2404
2010-02-11,13,2798
2010-02-11,14,2780
2010-02-11,15,3192
2010-02-11,16,3512
2010-02-11,17,3857
2010-02-11,18,1592
2010-02-11,19,1495
2010-02-11,20,16
2010-02-11,23,2
2010-02-12,6,7
2010-02-12,7,5
2010-02-12,8,55
2010-02-12,9,52
2010-02-12,10,1201
2010-02-12,11,1650
2010-02-12,12,1745
2010-02-12,13,1949
2010-02-12,14,2190
2010-02-12,15,2349
2010-02-12,16,2742
2010-02-12,17,3015
2010-02-12,18,69
2010-02-12,23,2
2010-02-13,9,18
2010-02-13,10,1268
2010-02-13,11,4024
2010-02-13,12,4021
2010-02-13,13,4305
2010-02-13,14,4786
2010-02-13,15,4548
2010-02-13,16,4635
2010-02-13,17,4528
2010-02-13,18,71
2010-02-13,22,5
2010-02-14,8,12
2010-02-14,9,11
2010-02-14,10,14
2010-02-14,12,305
2010-02-14,13,2656
2010-02-14,14,2336
2010-02-14,15,2481
2010-02-14,16,3424
2010-02-14,17,472
2010-02-14,18,14
2010-02-14,22,4
2010-02-14,23,6
2010-02-16,8,101
2010-02-16,9,49
2010-02-16,10,1810
2010-02-16,11,2173
2010-02-16,12,2373
2010-02-16,13,4619
2010-02-16,14,4921
2010-02-16,15,5138
2010-02-16,16,5556
2010-02-16,17,4922
2010-02-16,18,3847
2010-02-16,19,3097
2010-02-16,20,86
2010-02-16,22,1
2010-02-17,8,90
2010-02-17,9,183
2010-02-17,10,1295
2010-02-17,11,2988
2010-02-17,12,2915
2010-02-17,13,3632
2010-02-17,14,3662
2010-02-17,15,3770
2010-02-17,16,4130
2010-02-17,17,4455
2010-02-17,18,1907
2010-02-17,19,1733
2010-02-17,20,47
2010-02-17,22,11
2010-02-17,23,2
2010-02-18,8,192
2010-02-18,9,122
2010-02-18,10,1127
2010-02-18,11,2483
2010-02-18,12,2743
2010-02-18,13,3085
2010-02-18,14,3092
2010-02-18,15,3837
2010-02-18,16,3441
2010-02-18,17,4477
2010-02-18,18,1970
2010-02-18,19,1359
2010-02-18,20,13
2010-02-18,23,2
2010-02-19,8,10
2010-02-19,9,77
2010-02-19,10,1362
2010-02-19,11,1511
2010-02-19,12,1721
2010-02-19,13,2043
2010-02-19,14,2100
2010-02-19,15,2386
2010-02-19,16,2551
2010-02-19,17,2969
2010-02-19,18,39
2010-02-19,22,1
2010-02-19,23,1
2010-02-20,8,1
2010-02-20,9,12
2010-02-20,10,1178
2010-02-20,11,3542
2010-02-20,12,3429
2010-02-20,13,4011
2010-02-20,14,4330
2010-02-20,15,4608
2010-02-20,16,4406
2010-02-20,17,4541
2010-02-20,18,24
2010-02-20,20,1
2010-02-20,21,1
2010-02-20,22,1
2010-02-20,23,3
2010-02-21,9,5
2010-02-21,10,6
2010-02-21,11,12
2010-02-21,12,259
2010-02-21,13,2432
2010-02-21,14,2655
2010-02-21,15,2613
2010-02-21,16,2837
2010-02-21,17,372
2010-02-21,18,5
2010-02-21,22,2
2010-02-21,23,2
2010-02-22,5,8
2010-02-22,8,4
2010-02-22,9,54
2010-02-22,10,844
2010-02-22,11,1442
2010-02-22,12,1461
2010-02-22,13,3083
2010-02-22,14,3192
2010-02-22,15,3830
2010-02-22,16,4381
2010-02-22,17,4925
2010-02-22,18,3360
2010-02-22,19,2649
2010-02-22,20,28
2010-02-22,23,7
2010-02-23,8,150
2010-02-23,9,265
2010-02-23,10,1151
2010-02-23,11,1241
2010-02-23,12,1434
2010-02-23,13,3141
2010-02-23,14,3377
2010-02-23,15,4176
2010-02-23,16,4507
2010-02-23,17,4415
2010-02-23,18,3224
2010-02-23,19,2455
2010-02-23,20,21
2010-02-23,23,5
2010-02-24,7,6
2010-02-24,8,363
2010-02-24,9,187
2010-02-24,10,1181
2010-02-24,11,2635
2010-02-24,12,2491
2010-02-24,13,2823
2010-02-24,14,3210
2010-02-24,15,3354
2010-02-24,16,4008
2010-02-24,17,4293
2010-02-24,18,2088
2010-02-24,19,1669
2010-02-24,20,21
2010-02-24,23,1
2010-02-25,7,5
2010-02-25,8,72
2010-02-25,9,118
2010-02-25,10,1416
2010-02-25,11,2552
2010-02-25,12,2801
2010-02-25,13,2866
2010-02-25,14,3040
2010-02-25,15,3579
2010-02-25,16,3999
2010-02-25,17,4448
2010-02-25,18,1818
2010-02-25,19,1600
2010-02-25,20,10
2010-02-25,23,1
2010-02-26,8,12
2010-02-26,9,173
2010-02-26,10,1467
2010-02-26,11,1683
2010-02-26,12,1648
2010-02-26,13,1951
2010-02-26,14,1785
2010-02-26,15,2237
2010-02-26,16,2708
2010-02-26,17,2892
2010-02-26,18,58
2010-02-26,23,1
2010-02-27,9,5
2010-02-27,10,1494
2010-02-27,11,3918
2010-02-27,12,4572
2010-02-27,13,4576
2010-02-27,14,5089
2010-02-27,15,4975
2010-02-27,16,4993
2010-02-27,17,4991
2010-02-27,18,75
2010-02-27,22,1
2010-02-27,23,5
2010-02-28,8,5
2010-02-28,9,2
2010-02-28,10,9
2010-02-28,11,3
2010-02-28,12,293
2010-02-28,13,2250
2010-02-28,14,2486
2010-02-28,15,2626
2010-02-28,16,3501
2010-02-28,17,387
2010-02-28,23,1
2010-03-01,8,120
2010-03-01,9,31
2010-03-01,10,741
2010-03-01,11,1320
2010-03-01,12,1726
2010-03-01,13,3070
2010-03-01,14,3068
2010-03-01,15,3802
2010-03-01,16,4404
2010-03-01,17,4470
2010-03-01,18,3450
2010-03-01,19,2884
2010-03-01,20,18
2010-03-01,21,2
2010-03-02,8,62
2010-03-02,9,256
2010-03-02,10,1035
2010-03-02,11,1327
2010-03-02,12,1516
2010-03-02,13,3273
2010-03-02,14,3235
2010-03-02,15,3642
2010-03-02,16,3894
2010-03-02,17,4367
2010-03-02,18,3541
2010-03-02,19,2968
2010-03-02,20,18
2010-03-03,7,5
2010-03-03,8,26
2010-03-03,9,114
2010-03-03,10,1470
2010-03-03,11,2696
2010-03-03,12,2689
2010-03-03,13,3294
2010-03-03,14,3456
2010-03-03,15,4031
2010-03-03,16,3725
2010-03-03,17,4327
2010-03-03,18,2161
2010-03-03,19,1587
2010-03-03,20,20
2010-03-04,8,80
2010-03-04,9,104
2010-03-04,10,1135
2010-03-04,11,2457
2010-03-04,12,2554
2010-03-04,13,2798
2010-03-04,14,2832
2010-03-04,15,2764
2010-03-04,16,3767
2010-03-04,17,4316
2010-03-04,18,1765
2010-03-04,19,1644
2010-03-04,20,19
2010-03-04,21,1
2010-03-04,23,1
2010-03-05,8,33
2010-03-05,9,66
2010-03-05,10,1118
2010-03-05,11,1646
2010-03-05,12,1797
2010-03-05,13,1846
2010-03-05,14,1954
2010-03-05,15,2058
2010-03-05,16,2494
2010-03-05,17,2991
2010-03-05,18,16
2010-03-05,23,3
2010-03-06,9,8
2010-03-06,10,1353
2010-03-06,11,3953
2010-03-06,12,3756
2010-03-06,13,4083
2010-03-06,14,4205
2010-03-06,15,4286
2010-03-06,16,4374
2010-03-06,17,3930
2010-03-06,18,34
2010-03-06,21,3
2010-03-06,23,1
2010-03-07,9,1
2010-03-07,10,1
2010-03-07,11,4
2010-03-07,12,246
2010-03-07,13,2586
2010-03-07,14,2856
2010-03-07,15,3104
2010-03-07,16,3334
2010-03-07,17,374
2010-03-07,18,8
2010-03-07,19,3
2010-03-07,23,1
2010-03-08,8,207
2010-03-08,9,120
2010-03-08,10,1344
2010-03-08,11,1471
2010-03-08,12,1694
2010-03-08,13,3217
2010-03-08,14,3345
2010-03-08,15,3573
2010-03-08,16,4805
2010-03-08,17,4984
2010-03-08,18,3627
2010-03-08,19,2773
2010-03-08,20,19
2010-03-08,22,9
2010-03-09,7,1
2010-03-09,8,72
2010-03-09,9,102
2010-03-09,10,1094
2010-03-09,11,1487
2010-03-09,12,1884
2010-03-09,13,3169
2010-03-09,14,3134
2010-03-09,15,3796
2010-03-09,16,4342
2010-03-09,17,4347
2010-03-09,18,3515
2010-03-09,19,2697
2010-03-09,20,8
2010-03-09,22,4
2010-03-10,8,27
2010-03-10,9,90
2010-03-10,10,1462
2010-03-10,11,2444
2010-03-10,12,2790
2010-03-10,13,2724
2010-03-10,14,3076
2010-03-10,15,3471
2010-03-10,16,3995
2010-03-10,17,4406
2010-03-10,18,1918
2010-03-10,19,1571
2010-03-10,20,24
2010-03-10,23,6
2010-03-11,8,81
2010-03-11,9,76
2010-03-11,10,1337
2010-03-11,11,2313
2010-03-11,12,2379
2010-03-11,13,2621
2010-03-11,14,2979
2010-03-11,15,3583
2010-03-11,16,3632
2010-03-11,17,4085
2010-03-11,18,1698
2010-03-11,19,1499
2010-03-11,20,20
2010-03-11,23,2
2010-03-12,8,43
2010-03-12,9,138
2010-03-12,10,1284
2010-03-12,11,1701
2010-03-12,12,1933
2010-03-12,13,2082
2010-03-12,14,2330
2010-03-12,15,2574
2010-03-12,16,2904
2010-03-12,17,3214
2010-03-12,18,49
2010-03-13,8,8
2010-03-13,9,9
2010-03-13,10,1481
2010-03-13,11,3801
2010-03-13,12,4352
2010-03-13,13,4216
2010-03-13,14,4662
2010-03-13,15,4799
2010-03-13,16,4494
2010-03-13,17,4444
2010-03-13,18,42
2010-03-13,23,3
2010-03-14,9,1
2010-03-14,10,7
2010-03-14,11,2
2010-03-14,12,180
2010-03-14,13,2185
2010-03-14,14,2474
2010-03-14,15,2610
2010-03-14,16,3360
2010-03-14,17,447
2010-03-14,23,4
2010-03-15,7,10
2010-03-15,8,43
2010-03-15,9,113
2010-03-15,10,967
2010-03-15,11,1337
2010-03-15,12,1544
2010-03-15,13,3465
2010-03-15,14,3314
2010-03-15,15,3609
2010-03-15,16,4325
2010-03-15,17,4710
2010-03-15,18,3992
2010-03-15,19,3697
2010-03-15,20,44
2010-03-16,8,86
2010-03-16,9,224
2010-03-16,10,884
2010-03-16,11,1515
2010-03-16,12,1606
2010-03-16,13,2842
2010-03-16,14,3141
2010-03-16,15,3442
2010-03-16,16,3899
2010-03-16,17,4601
2010-03-16,18,3682
2010-03-16,19,3239
2010-03-16,20,56
2010-03-17,7,8
2010-03-17,8,393
2010-03-17,9,75
2010-03-17,10,1230
2010-03-17,11,2887
2010-03-17,12,2466
2010-03-17,13,2713
2010-03-17,14,3124
2010-03-17,15,3104
2010-03-17,16,3400
2010-03-17,17,4260
2010-03-17,18,1882
2010-03-17,19,1856
2010-03-17,20,7
2010-03-18,8,119
2010-03-18,9,115
2010-03-18,10,1102
2010-03-18,11,2216
2010-03-18,12,2242
2010-03-18,13,2695
2010-03-18,14,2780
2010-03-18,15,3366
2010-03-18,16,3488
2010-03-18,17,3953
2010-03-18,18,1908
2010-03-18,19,1774
2010-03-18,20,16
2010-03-18,22,4
2010-03-19,6,6
2010-03-19,8,6
2010-03-19,9,115
2010-03-19,10,1068
2010-03-19,11,1661
2010-03-19,12,1873
2010-03-19,13,2077
2010-03-19,14,2224
2010-03-19,15,2168
2010-03-19,16,2321
2010-03-19,17,2793
2010-03-19,18,50
2010-03-19,19,1
2010-03-19,20,4
2010-03-19,23,1
2010-03-20,8,9
2010-03-20,9,30
2010-03-20,10,1105
2010-03-20,11,3246
2010-03-20,12,3625
2010-03-20,13,3706
2010-03-20,14,3906
2010-03-20,15,3838
2010-03-20,16,3911
2010-03-20,17,4111
2010-03-20,18,16
2010-03-20,22,1
2010-03-20,23,4
2010-03-21,8,3
2010-03-21,9,43
2010-03-21,10,7
2010-03-21,11,9
2010-03-21,12,255
2010-03-21,13,2476
2010-03-21,14,3034
2010-03-21,15,2908
2010-03-21,16,3453
2010-03-21,17,408
2010-03-21,18,2
2010-03-21,21,2
2010-03-22,6,1
2010-03-22,7,2
2010-03-22,8,303
2010-03-22,9,174
2010-03-22,10,1028
2010-03-22,11,1515
2010-03-22,12,1819
2010-03-22,13,3047
2010-03-22,14,3508
2010-03-22,15,4000
2010-03-22,16,4762
2010-03-22,17,4572
2010-03-22,18,3511
2010-03-22,19,3798
2010-03-22,20,23
2010-03-22,23,2
2010-03-23,8,25
2010-03-23,9,31
2010-03-23,10,808
2010-03-23,11,1361
2010-03-23,12,1612
2010-03-23,13,2838
2010-03-23,14,3367
2010-03-23,15,3245
2010-03-23,16,4008
2010-03-23,17,3940
2010-03-23,18,3584
2010-03-23,19,3008
2010-03-23,20,24
2010-03-23,23,6
2010-03-24,8,163
2010-03-24,9,31
2010-03-24,10,1309
2010-03-24,11,2701
2010-03-24,12,2346
2010-03-24,13,2429
2010-03-24,14,3114
2010-03-24,15,3008
2010-03-24,16,3286
2010-03-24,17,3742
2010-03-24,18,1910
2010-03-24,19,1992
2010-03-24,20,10
2010-03-24,23,3
2010-03-25,8,14
2010-03-25,9,126
2010-03-25,10,1192
2010-03-25,11,2384
2010-03-25,12,2404
2010-03-25,13,2595
2010-03-25,14,2901
2010-03-25,15,3397
2010-03-25,16,3726
2010-03-25,17,4103
2010-03-25,18,1517
2010-03-25,19,1569
2010-03-25,20,17
2010-03-25,23,1
2010-03-26,6,5
2010-03-26,8,2
2010-03-26,9,77
2010-03-26,10,1228
2010-03-26,11,1759
2010-03-26,12,1732
2010-03-26,13,1958
2010-03-26,14,2122
2010-03-26,15,2360
2010-03-26,16,2681
2010-03-26,17,2993
2010-03-26,18,36
2010-03-26,23,1
2010-03-27,8,8
2010-03-27,9,15
2010-03-27,10,1315
2010-03-27,11,3344
2010-03-27,12,4251
2010-03-27,13,4077
2010-03-27,14,4209
2010-03-27,15,4088
2010-03-27,16,4423
2010-03-27,17,4429
2010-03-27,18,78
2010-03-27,23,3
2010-03-28,8,2
2010-03-28,9,3
2010-03-28,10,3
2010-03-28,11,11
2010-03-28,12,147
2010-03-28,13,2732
2010-03-28,14,3083
2010-03-28,15,2808
2010-03-28,16,3068
2010-03-28,17,493
2010-03-28,18,5
2010-03-28,23,6
2010-03-29,8,14
2010-03-29,9,20
2010-03-29,10,1061
2010-03-29,11,1669
2010-03-29,12,2018
2010-03-29,13,3505
2010-03-29,14,4196
2010-03-29,15,4207
2010-03-29,16,4499
2010-03-29,17,4517
2010-03-29,18,3230
2010-03-29,19,3124
2010-03-29,20,17
2010-03-30,8,9
2010-03-30,9,17
2010-03-30,10,1321
2010-03-30,11,1730
2010-03-30,12,2067
2010-03-30,13,3565
2010-03-30,14,3724
2010-03-30,15,3635
2010-03-30,16,4072
2010-03-30,17,4071
2010-03-30,18,3261
2010-03-30,19,3137
2010-03-30,20,6
2010-03-31,8,7
2010-03-31,9,52
2010-03-31,10,1452
2010-03-31,11,2856
2010-03-31,12,2988
2010-03-31,13,2886
2010-03-31,14,3254
2010-03-31,15,3166
2010-03-31,16,3270
2010-03-31,17,4207
2010-03-31,18,1940
2010-03-31,19,1786
2010-03-31,20,19
2010-04-01,8,12
2010-04-01,9,177
2010-04-01,10,950
2010-04-01,11,2475
2010-04-01,12,2841
2010-04-01,13,2527
2010-04-01,14,3352
2010-04-01,15,3261
2010-04-01,16,3616
2010-04-01,17,3936
2010-04-01,18,1918
2010-04-01,19,1589
2010-04-01,20,21
2010-04-01,22,3
2010-04-02,8,74
2010-04-02,9,46
2010-04-02,10,1259
2010-04-02,11,1750
2010-04-02,12,1932
2010-04-02,13,1987
2010-04-02,14,2066
2010-04-02,15,2389
2010-04-02,16,2299
2010-04-02,17,2933
2010-04-02,18,102
2010-04-02,21,2
2010-04-02,23,1
2010-04-03,9,2
2010-04-03,10,1332
2010-04-03,11,3625
2010-04-03,12,4171
2010-04-03,13,4396
2010-04-03,14,4327
2010-04-03,15,4345
2010-04-03,16,4164
2010-04-03,17,4152
2010-04-03,18,51
2010-04-03,23,1
2010-04-04,8,5
2010-04-04,9,48
2010-04-04,10,21
2010-04-04,11,12
2010-04-04,12,199
2010-04-04,13,1455
2010-04-04,14,1556
2010-04-04,15,1679
2010-04-04,16,1833
2010-04-04,17,273
2010-04-04,18,4
2010-04-04,22,4
2010-04-05,5,7
2010-04-05,8,71
2010-04-05,9,113
2010-04-05,10,982
2010-04-05,11,1794
2010-04-05,12,1697
2010-04-05,13,3189
2010-04-05,14,4101
2010-04-05,15,4246
2010-04-05,16,4581
2010-04-05,17,4396
2010-04-05,18,3464
2010-04-05,19,3191
2010-04-05,20,25
2010-04-05,23,4
2010-04-06,8,4
2010-04-06,9,218
2010-04-06,10,1233
2010-04-06,11,1742
2010-04-06,12,1812
2010-04-06,13,3235
2010-04-06,14,3862
2010-04-06,15,3555
2010-04-06,16,4515
2010-04-06,17,4208
2010-04-06,18,3513
2010-04-06,19,3140
2010-04-06,20,36
2010-04-06,23,2
2010-04-07,8,19
2010-04-07,9,173
2010-04-07,10,1327
2010-04-07,11,2992
2010-04-07,12,3163
2010-04-07,13,2894
2010-04-07,14,3113
2010-04-07,15,2959
2010-04-07,16,3548
2010-04-07,17,4039
2010-04-07,18,2108
2010-04-07,19,1778
2010-04-07,20,5
2010-04-08,7,51
2010-04-08,8,188
2010-04-08,9,38
2010-04-08,10,1048
2010-04-08,11,2515
2010-04-08,12,2338
2010-04-08,13,2411
2010-04-08,14,2616
2010-04-08,15,3053
2010-04-08,16,3586
2010-04-08,17,4494
2010-04-08,18,1898
2010-04-08,19,1697
2010-04-08,20,13
2010-04-08,23,1
2010-04-09,6,1
2010-04-09,8,15
2010-04-09,9,121
2010-04-09,10,1267
2010-04-09,11,1652
2010-04-09,12,1700
2010-04-09,13,1982
2010-04-09,14,1999
2010-04-09,15,2133
2010-04-09,16,2374
2010-04-09,17,2937
2010-04-09,18,42
2010-04-09,23,2
2010-04-10,8,5
2010-04-10,9,20
2010-04-10,10,1196
2010-04-10,11,3353
2010-04-10,12,3733
2010-04-10,13,3786
2010-04-10,14,4216
2010-04-10,15,4263
2010-04-10,16,4345
2010-04-10,17,4377
2010-04-10,18,80
2010-04-10,20,4
2010-04-10,22,1
2010-04-11,9,7
2010-04-11,10,5
2010-04-11,11,13
2010-04-11,12,329
2010-04-11,13,2319
2010-04-11,14,2505
2010-04-11,15,2391
2010-04-11,16,3064
2010-04-11,17,380
2010-04-11,18,3
2010-04-11,22,4
2010-04-11,23,4
2010-04-12,8,124
2010-04-12,9,94
2010-04-12,10,1232
2010-04-12,11,1502
2010-04-12,12,1629
2010-04-12,13,3076
2010-04-12,14,3574
2010-04-12,15,3903
2010-04-12,16,4606
2010-04-12,17,4571
2010-04-12,18,3648
2010-04-12,19,3435
2010-04-12,20,22
2010-04-13,8,216
2010-04-13,9,111
2010-04-13,10,1275
2010-04-13,11,1572
2010-04-13,12,1587
2010-04-13,13,3072
2010-04-13,14,3261
2010-04-13,15,3498
2010-04-13,16,3753
2010-04-13,17,4104
2010-04-13,18,3498
2010-04-13,19,3028
2010-04-13,20,10
2010-04-14,7,4
2010-04-14,8,27
2010-04-14,9,94
2010-04-14,10,1210
2010-04-14,11,2327
2010-04-14,12,2548
2010-04-14,13,2482
2010-04-14,14,2790
2010-04-14,15,2856
2010-04-14,16,3364
2010-04-14,17,3549
2010-04-14,18,1883
2010-04-14,19,1860
2010-04-14,20,22
2010-04-15,8,142
2010-04-15,9,52
2010-04-15,10,1004
2010-04-15,11,2267
2010-04-15,12,2383
2010-04-15,13,2674
2010-04-15,14,3054
2010-04-15,15,3045
2010-04-15,16,3439
2010-04-15,17,3965
2010-04-15,18,1702
2010-04-15,19,1831
2010-04-15,20,6
2010-04-16,7,2
2010-04-16,8,25
2010-04-16,9,71
2010-04-16,10,1225
2010-04-16,11,1614
2010-04-16,12,1683
2010-04-16,13,1779
2010-04-16,14,1690
2010-04-16,15,1828
2010-04-16,16,2294
2010-04-16,17,2686
2010-04-16,18,95
2010-04-16,22,4
2010-04-17,9,17
2010-04-17,10,1212
2010-04-17,11,3513
2010-04-17,12,3505
2010-04-17,13,3963
2010-04-17,14,4266
2010-04-17,15,4556
2010-04-17,16,4663
2010-04-17,17,4423
2010-04-17,18,50
2010-04-17,23,4
2010-04-18,8,3
2010-04-18,9,14
2010-04-18,10,13
2010-04-18,11,16
2010-04-18,12,191
2010-04-18,13,2317
2010-04-18,14,2232
2010-04-18,15,2208
2010-04-18,16,2881
2010-04-18,17,392
2010-04-18,22,2
2010-04-19,8,121
2010-04-19,9,34
2010-04-19,10,1242
2010-04-19,11,1585
2010-04-19,12,1481
2010-04-19,13,3102
2010-04-19,14,3507
2010-04-19,15,3643
2010-04-19,16,4313
2010-04-19,17,4710
2010-04-19,18,3389
2010-04-19,19,3266
2010-04-19,20,55
2010-04-20,6,4
2010-04-20,7,65
2010-04-20,8,69
2010-04-20,9,60
2010-04-20,10,1094
2010-04-20,11,1813
2010-04-20,12,1616
2010-04-20,13,3426
2010-04-20,14,3200
2010-04-20,15,3597
2010-04-20,16,4083
2010-04-20,17,4171
2010-04-20,18,3117
2010-04-20,19,2802
2010-04-20,20,18
2010-04-20,23,5
2010-04-21,8,521
2010-04-21,9,75
2010-04-21,10,1188
2010-04-21,11,2496
2010-04-21,12,2335
2010-04-21,13,2440
2010-04-21,14,2685
2010-04-21,15,3355
2010-04-21,16,4077
2010-04-21,17,4330
2010-04-21,18,2084
2010-04-21,19,2093
2010-04-21,20,34
2010-04-21,23,4
2010-04-22,8,167
2010-04-22,9,133
2010-04-22,10,1320
2010-04-22,11,2503
2010-04-22,12,2345
2010-04-22,13,2728
2010-04-22,14,2848
2010-04-22,15,2997
2010-04-22,16,3452
2010-04-22,17,3883
2010-04-22,18,1752
2010-04-22,19,1928
2010-04-22,20,31
2010-04-23,6,5
2010-04-23,7,15
2010-04-23,8,18
2010-04-23,9,50
2010-04-23,10,1201
2010-04-23,11,1668
2010-04-23,12,1775
2010-04-23,13,1851
2010-04-23,14,1817
2010-04-23,15,1908
2010-04-23,16,2818
2010-04-23,17,3141
2010-04-23,18,46
2010-04-24,8,2
2010-04-24,9,8
2010-04-24,10,1246
2010-04-24,11,3904
2010-04-24,12,4368
2010-04-24,13,4280
2010-04-24,14,4283
2010-04-24,15,4108
2010-04-24,16,4345
2010-04-24,17,4244
2010-04-24,18,33
2010-04-25,8,2
2010-04-25,9,6
2010-04-25,11,15
2010-04-25,12,373
2010-04-25,13,2067
2010-04-25,14,2528
2010-04-25,15,2644
2010-04-25,16,2926
2010-04-25,17,415
2010-04-25,18,2
2010-04-25,23,4
2010-04-26,8,345
2010-04-26,9,188
2010-04-26,10,1158
2010-04-26,11,1661
2010-04-26,12,1740
2010-04-26,13,3340
2010-04-26,14,3088
2010-04-26,15,4134
2010-04-26,16,4508
2010-04-26,17,4243
2010-04-26,18,3163
2010-04-26,19,2876
2010-04-26,20,19
2010-04-27,8,81
2010-04-27,9,54
2010-04-27,10,1143
2010-04-27,11,1466
2010-04-27,12,1462
2010-04-27,13,2960
2010-04-27,14,3123
2010-04-27,15,3698
2010-04-27,16,4025
2010-04-27,17,4445
2010-04-27,18,3397
2010-04-27,19,2925
2010-04-27,20,44
2010-04-28,8,188
2010-04-28,9,90
2010-04-28,10,1221
2010-04-28,11,2520
2010-04-28,12,2478
2010-04-28,13,2544
2010-04-28,14,2799
2010-04-28,15,3284
2010-04-28,16,3522
2010-04-28,17,4267
2010-04-28,18,1851
2010-04-28,19,1907
2010-04-28,20,8
2010-04-29,7,9
2010-04-29,8,79
2010-04-29,9,73
2010-04-29,10,1238
2010-04-29,11,2326
2010-04-29,12,2392
2010-04-29,13,2577
2010-04-29,14,2235
2010-04-29,15,2827
2010-04-29,16,3416
2010-04-29,17,3766
2010-04-29,18,1680
2010-04-29,19,1652
2010-04-29,20,7
2010-04-30,5,2
2010-04-30,6,5
2010-04-30,8,5
2010-04-30,9,20
2010-04-30,10,995
2010-04-30,11,1584
2010-04-30,12,1409
2010-04-30,13,1554
2010-04-30,14,1842
2010-04-30,15,2059
2010-04-30,16,2430
2010-04-30,17,2595
2010-04-30,18,15
2010-04-30,22,1
2010-05-01,9,27
2010-05-01,10,1221
2010-05-01,11,3066
2010-05-01,12,3682
2010-05-01,13,3587
2010-05-01,14,3832
2010-05-01,15,4350
2010-05-01,16,4133
2010-05-01,17,4355
2010-05-01,18,24
2010-05-01,23,5
2010-05-02,9,9
2010-05-02,10,11
2010-05-02,11,8
2010-05-02,12,232
2010-05-02,13,2365
2010-05-02,14,2420
2010-05-02,15,2455
2010-05-02,16,3142
2010-05-02,17,505
2010-05-02,21,1
2010-05-03,7,2
2010-05-03,8,126
2010-05-03,9,85
2010-05-03,10,948
2010-05-03,11,1563
2010-05-03,12,1812
2010-05-03,13,2990
2010-05-03,14,3345
2010-05-03,15,3898
2010-05-03,16,4113
2010-05-03,17,4220
2010-05-03,18,3578
2010-05-03,19,3105
2010-05-03,20,37
2010-05-04,8,35
2010-05-04,9,260
2010-05-04,10,1190
2010-05-04,11,1548
2010-05-04,12,1469
2010-05-04,13,2854
2010-05-04,14,3296
2010-05-04,15,3360
2010-05-04,16,3900
2010-05-04,17,4067
2010-05-04,18,3233
2010-05-04,19,3006
2010-05-04,20,17
2010-05-05,7,26
2010-05-05,8,100
2010-05-05,9,50
2010-05-05,10,1301
2010-05-05,11,2474
2010-05-05,12,2510
2010-05-05,13,2254
2010-05-05,14,2624
2010-05-05,15,3388
2010-05-05,16,3908
2010-05-05,17,4105
2010-05-05,18,1971
2010-05-05,19,1908
2010-05-05,20,55
2010-05-05,23,3
2010-05-06,7,4
2010-05-06,8,124
2010-05-06,9,117
2010-05-06,10,1053
2010-05-06,11,2382
2010-05-06,12,2291
2010-05-06,13,2467
2010-05-06,14,2490
2010-05-06,15,2696
2010-05-06,16,3462
2010-05-06,17,3667
2010-05-06,18,1754
2010-05-06,19,1602
2010-05-06,20,24
2010-05-07,6,5
2010-05-07,7,1
2010-05-07,8,26
2010-05-07,9,82
2010-05-07,10,1165
2010-05-07,11,1387
2010-05-07,12,1473
2010-05-07,13,1588
2010-05-07,14,1713
2010-05-07,15,1937
2010-05-07,16,2374
2010-05-07,17,2686
2010-05-07,18,38
2010-05-07,22,6
2010-05-08,8,5
2010-05-08,9,15
2010-05-08,10,1293
2010-05-08,11,2942
2010-05-08,12,3224
2010-05-08,13,3362
2010-05-08,14,3422
2010-05-08,15,3829
2010-05-08,16,3511
2010-05-08,17,3900
2010-05-08,18,25
2010-05-08,23,3
2010-05-09,8,6
2010-05-09,9,3
2010-05-09,10,16
2010-05-09,11,27
2010-05-09,12,190
2010-05-09,13,1889
2010-05-09,14,1989
2010-05-09,15,1833
2010-05-09,16,2202
2010-05-09,17,360
2010-05-09,23,3
2010-05-10,6,1
2010-05-10,8,277
2010-05-10,9,318
2010-05-10,10,1220
2010-05-10,11,1563
2010-05-10,12,1754
2010-05-10,13,3278
2010-05-10,14,3388
2010-05-10,15,3981
2010-05-10,16,4859
2010-05-10,17,5249
2010-05-10,18,3743
2010-05-10,19,3544
2010-05-10,20,17
2010-05-11,8,113
2010-05-11,9,176
2010-05-11,10,1301
2010-05-11,11,1391
2010-05-11,12,1580
2010-05-11,13,2678
2010-05-11,14,3022
2010-05-11,15,3278
2010-05-11,16,3751
2010-05-11,17,3865
2010-05-11,18,3106
2010-05-11,19,3306
2010-05-11,20,20
2010-05-12,7,26
2010-05-12,8,53
2010-05-12,9,55
2010-05-12,10,1145
2010-05-12,11,2393
2010-05-12,12,2349
2010-05-12,13,2370
2010-05-12,14,2694
2010-05-12,15,3043
2010-05-12,16,3374
2010-05-12,17,3847
2010-05-12,18,1893
2010-05-12,19,2116
2010-05-12,20,4
2010-05-13,7,1
2010-05-13,8,195
2010-05-13,9,24
2010-05-13,10,1229
2010-05-13,11,2167
2010-05-13,12,2269
2010-05-13,13,2175
2010-05-13,14,2411
2010-05-13,15,3140
2010-05-13,16,3033
2010-05-13,17,3612
2010-05-13,18,1628
2010-05-13,19,1483
2010-05-13,20,6
2010-05-13,23,2
2010-05-14,7,6
2010-05-14,8,28
2010-05-14,9,113
2010-05-14,10,992
2010-05-14,11,1502
2010-05-14,12,1564
2010-05-14,13,1477
2010-05-14,14,1673
2010-05-14,15,1754
2010-05-14,16,2499
2010-05-14,17,2711
2010-05-14,18,25
2010-05-15,9,27
2010-05-15,10,1217
2010-05-15,11,3242
2010-05-15,12,3411
2010-05-15,13,3381
2010-05-15,14,3367
2010-05-15,15,3712
2010-05-15,16,3532
2010-05-15,17,3597
2010-05-15,18,31
2010-05-15,21,2
2010-05-15,23,3
2010-05-16,9,7
2010-05-16,10,5
2010-05-16,11,10
2010-05-16,12,264
2010-05-16,13,2503
2010-05-16,14,2483
2010-05-16,15,2502
2010-05-16,16,3031
2010-05-16,17,451
2010-05-17,5,4
2010-05-17,7,9
2010-05-17,8,93
2010-05-17,9,213
2010-05-17,10,1461
2010-05-17,11,1792
2010-05-17,12,2146
2010-05-17,13,2930
2010-05-17,14,3393
2010-05-17,15,3900
2010-05-17,16,4302
2010-05-17,17,4695
2010-05-17,18,3639
2010-05-17,19,3625
2010-05-17,20,50
2010-05-18,8,238
2010-05-18,9,235
2010-05-18,10,1233
2010-05-18,11,1893
2010-05-18,12,1838
2010-05-18,13,3036
2010-05-18,14,3298
2010-05-18,15,3581
2010-05-18,16,4143
2010-05-18,17,4183
2010-05-18,18,3377
2010-05-18,19,3154
2010-05-18,20,36
2010-05-18,23,3
2010-05-19,8,154
2010-05-19,9,111
2010-05-19,10,1266
2010-05-19,11,2623
2010-05-19,12,2340
2010-05-19,13,2968
2010-05-19,14,2977
2010-05-19,15,3117
2010-05-19,16,3268
2010-05-19,17,3581
2010-05-19,18,1726
2010-05-19,19,1868
2010-05-19,20,30
2010-05-20,8,171
2010-05-20,9,73
2010-05-20,10,1128
2010-05-20,11,2499
2010-05-20,12,2526
2010-05-20,13,2590
2010-05-20,14,2941
2010-05-20,15,3294
2010-05-20,16,3764
2010-05-20,17,4709
2010-05-20,18,1946
2010-05-20,19,1873
2010-05-20,20,37
2010-05-21,8,24
2010-05-21,9,191
2010-05-21,10,1174
2010-05-21,11,1754
2010-05-21,12,1711
2010-05-21,13,1765
2010-05-21,14,1760
2010-05-21,15,2449
2010-05-21,16,2633
2010-05-21,17,2917
2010-05-21,18,32
2010-05-21,21,4
2010-05-21,23,2
2010-05-22,8,1
2010-05-22,9,14
2010-05-22,10,1214
2010-05-22,11,3445
2010-05-22,12,3996
2010-05-22,13,3755
2010-05-22,14,4139
2010-05-22,15,4042
2010-05-22,16,4302
2010-05-22,17,4067
2010-05-22,18,77
2010-05-22,23,1
2010-05-23,8,2
2010-05-23,9,1
2010-05-23,10,3
2010-05-23,11,13
2010-05-23,12,223
2010-05-23,13,2621
2010-05-23,14,2710
2010-05-23,15,2954
2010-05-23,16,3337
2010-05-23,17,482
2010-05-23,18,61
2010-05-23,23,5
2010-05-24,7,1
2010-05-24,8,43
2010-05-24,9,61
2010-05-24,10,1174
2010-05-24,11,1549
2010-05-24,12,1972
2010-05-24,13,3185
2010-05-24,14,3320
2010-05-24,15,3852
2010-05-24,16,4335
2010-05-24,17,4536
2010-05-24,18,3444
2010-05-24,19,3365
2010-05-24,20,14
2010-05-24,21,1
2010-05-24,22,1
2010-05-25,8,63
2010-05-25,9,182
2010-05-25,10,1236
2010-05-25,11,1282
2010-05-25,12,1790
2010-05-25,13,2824
2010-05-25,14,2977
2010-05-25,15,3250
2010-05-25,16,3771
2010-05-25,17,3882
2010-05-25,18,3178
2010-05-25,19,3039
2010-05-25,20,20
2010-05-25,23,6
2010-05-26,7,17
2010-05-26,8,258
2010-05-26,9,76
2010-05-26,10,1085
2010-05-26,11,2077
2010-05-26,12,2628
2010-05-26,13,2438
2010-05-26,14,2894
2010-05-26,15,3356
2010-05-26,16,3702
2010-05-26,17,4053
2010-05-26,18,2028
2010-05-26,19,2064
2010-05-26,20,24
2010-05-26,23,5
2010-05-27,8,158
2010-05-27,9,165
2010-05-27,10,1194
2010-05-27,11,2587
2010-05-27,12,2543
2010-05-27,13,2671
2010-05-27,14,2999
2010-05-27,15,3389
2010-05-27,16,3837
2010-05-27,17,4252
2010-05-27,18,1968
2010-05-27,19,1813
2010-05-27,20,4
2010-05-27,21,1
2010-05-27,23,1
2010-05-28,8,32
2010-05-28,9,88
2010-05-28,10,1313
2010-05-28,11,1725
2010-05-28,12,1711
2010-05-28,13,1993
2010-05-28,14,2182
2010-05-28,15,2382
2010-05-28,16,3018
2010-05-28,17,3095
2010-05-28,18,91
2010-05-28,22,2
2010-05-29,9,10
2010-05-29,10,1314
2010-05-29,11,3671
2010-05-29,12,3939
2010-05-29,13,4334
2010-05-29,14,4526
2010-05-29,15,4649
2010-05-29,16,4664
2010-05-29,17,4256
2010-05-29,18,27
2010-05-29,23,3
2010-05-30,9,6
2010-05-30,10,6
2010-05-30,11,6
2010-05-30,12,295
2010-05-30,13,2514
2010-05-30,14,2479
2010-05-30,15,2359
2010-05-30,16,3008
2010-05-30,17,495
2010-05-30,18,23
2010-05-30,19,4
2010-05-30,20,2
2010-06-01,8,17
2010-06-01,9,360
2010-06-01,10,1275
2010-06-01,11,1779
2010-06-01,12,2056
2010-06-01,13,3524
2010-06-01,14,3700
2010-06-01,15,4135
2010-06-01,16,4838
2010-06-01,17,4796
2010-06-01,18,3837
2010-06-01,19,3803
2010-06-01,20,16
2010-06-01,23,1
2010-06-02,8,85
2010-06-02,9,112
2010-06-02,10,1485
2010-06-02,11,2715
2010-06-02,12,2724
2010-06-02,13,2725
2010-06-02,14,3121
2010-06-02,15,3622
2010-06-02,16,3725
2010-06-02,17,4577
2010-06-02,18,2433
2010-06-02,19,1875
2010-06-02,20,32
2010-06-02,23,8
2010-06-03,7,3
2010-06-03,8,56
2010-06-03,9,91
2010-06-03,10,1211
2010-06-03,11,2451
2010-06-03,12,2318
2010-06-03,13,2623
2010-06-03,14,2567
2010-06-03,15,3362
2010-06-03,16,3390
2010-06-03,17,4147
2010-06-03,18,1898
2010-06-03,19,1576
2010-06-03,20,15
2010-06-04,8,22
2010-06-04,9,38
2010-06-04,10,1260
2010-06-04,11,1566
2010-06-04,12,1676
2010-06-04,13,2101
2010-06-04,14,1978
2010-06-04,15,2185
2010-06-04,16,2768
2010-06-04,17,3019
2010-06-04,18,22
2010-06-04,23,1
2010-06-05,8,2
2010-06-05,9,5
2010-06-05,10,1458
2010-06-05,11,3394
2010-06-05,12,3635
2010-06-05,13,4003
2010-06-05,14,3817
2010-06-05,15,3907
2010-06-05,16,3908
2010-06-05,17,4025
2010-06-05,18,35
2010-06-05,21,3
2010-06-05,23,2
2010-06-06,8,5
2010-06-06,9,3
2010-06-06,10,4
2010-06-06,11,2
2010-06-06,12,226
2010-06-06,13,2725
2010-06-06,14,2917
2010-06-06,15,3181
2010-06-06,16,3241
2010-06-06,17,481
2010-06-06,22,4
2010-06-07,7,14
2010-06-07,8,124
2010-06-07,9,111
2010-06-07,10,1166
2010-06-07,11,1466
2010-06-07,12,1781
2010-06-07,13,3276
2010-06-07,14,3579
2010-06-07,15,4094
2010-06-07,16,4356
2010-06-07,17,4846
2010-06-07,18,3570
2010-06-07,19,3462
2010-06-07,20,47
2010-06-08,8,72
2010-06-08,9,134
2010-06-08,10,1447
2010-06-08,11,1465
2010-06-08,12,1502
2010-06-08,13,2844
2010-06-08,14,3033
2010-06-08,15,3330
2010-06-08,16,3626
2010-06-08,17,3851
2010-06-08,18,3138
2010-06-08,19,3023
2010-06-08,20,15
2010-06-09,6,1
2010-06-09,8,106
2010-06-09,9,85
2010-06-09,10,1313
2010-06-09,11,2633
2010-06-09,12,2707
2010-06-09,13,2879
2010-06-09,14,2900
2010-06-09,15,3198
2010-06-09,16,3604
2010-06-09,17,4036
2010-06-09,18,2104
2010-06-09,19,1808
2010-06-09,20,4
2010-06-09,23,1
2010-06-10,8,234
2010-06-10,9,32
2010-06-10,10,1328
2010-06-10,11,2270
2010-06-10,12,2610
2010-06-10,13,2544
2010-06-10,14,2888
2010-06-10,15,3281
2010-06-10,16,3644
2010-06-10,17,4040
2010-06-10,18,1830
2010-06-10,19,1582
2010-06-10,20,14
2010-06-11,8,80
2010-06-11,9,49
2010-06-11,10,1183
2010-06-11,11,1584
2010-06-11,12,1763
2010-06-11,13,1860
2010-06-11,14,1984
2010-06-11,15,2060
2010-06-11,16,2381
2010-06-11,17,3160
2010-06-11,18,92
2010-06-11,19,2
2010-06-11,21,3
2010-06-11,22,1
2010-06-12,8,5
2010-06-12,9,7
2010-06-12,10,1325
2010-06-12,11,3298
2010-06-12,12,2993
2010-06-12,13,3067
2010-06-12,14,3525
2010-06-12,15,3644
2010-06-12,16,3935
2010-06-12,17,3452
2010-06-12,18,24
2010-06-12,23,1
2010-06-13,8,4
2010-06-13,9,48
2010-06-13,10,5
2010-06-13,11,12
2010-06-13,12,229
2010-06-13,13,1797
2010-06-13,14,2337
2010-06-13,15,2370
2010-06-13,16,2996
2010-06-13,17,450
2010-06-13,18,8
2010-06-13,23,1
2010-06-14,8,16
2010-06-14,9,251
2010-06-14,10,1145
2010-06-14,11,1726
2010-06-14,12,1857
2010-06-14,13,2961
2010-06-14,14,3413
2010-06-14,15,3835
2010-06-14,16,4557
2010-06-14,17,4527
2010-06-14,18,3506
2010-06-14,19,3476
2010-06-14,20,49
2010-06-14,23,1
2010-06-15,8,19
2010-06-15,9,86
2010-06-15,10,1335
2010-06-15,11,1972
2010-06-15,12,1750
2010-06-15,13,3114
2010-06-15,14,3524
2010-06-15,15,3736
2010-06-15,16,3868
2010-06-15,17,4336
2010-06-15,18,3107
2010-06-15,19,3312
2010-06-15,20,24
2010-06-15,23,3
2010-06-16,8,246
2010-06-16,9,115
2010-06-16,10,1331
2010-06-16,11,2871
2010-06-16,12,2554
2010-06-16,13,2924
2010-06-16,14,3288
2010-06-16,15,3391
2010-06-16,16,4119
2010-06-16,17,4477
2010-06-16,18,2200
2010-06-16,19,2058
2010-06-16,20,27
2010-06-16,23,5
2010-06-17,8,77
2010-06-17,9,64
2010-06-17,10,1183
2010-06-17,11,2446
2010-06-17,12,2554
2010-06-17,13,2638
2010-06-17,14,2783
2010-06-17,16,3946
2010-06-17,17,4346
2010-06-17,18,2105
2010-06-17,19,1610
2010-06-17,20,32
2010-06-17,22,1
2010-06-17,23,1
2010-06-18,8,36
2010-06-18,9,124
2010-06-18,10,1424
2010-06-18,11,1599
2010-06-18,12,1533
2010-06-18,13,1538
2010-06-18,14,1798
2010-06-18,15,2156
2010-06-18,16,2341
2010-06-18,17,2532
2010-06-18,18,35
2010-06-18,23,3
2010-06-19,9,6
2010-06-19,10,1298
2010-06-19,11,2880
2010-06-19,12,3335
2010-06-19,13,3750
2010-06-19,14,4067
2010-06-19,15,4014
2010-06-19,16,4170
2010-06-19,17,4222
2010-06-19,18,53
2010-06-19,19,1
2010-06-19,23,4
2010-06-20,7,6
2010-06-20,9,3
2010-06-20,10,9
2010-06-20,11,12
2010-06-20,12,284
2010-06-20,13,2187
2010-06-20,14,2425
2010-06-20,15,2606
2010-06-20,16,3172
2010-06-20,17,361
2010-06-20,18,3
2010-06-20,23,5
2010-06-21,8,30
2010-06-21,9,99
2010-06-21,10,1406
2010-06-21,11,1893
2010-06-21,12,1884
2010-06-21,13,3300
2010-06-21,14,3822
2010-06-21,15,4196
2010-06-21,16,4526
2010-06-21,17,4381
2010-06-21,18,3689
2010-06-21,19,3510
2010-06-21,20,78
2010-06-21,23,6
2010-06-22,8,131
2010-06-22,9,134
2010-06-22,10,1234
2010-06-22,11,1429
2010-06-22,12,1784
2010-06-22,13,3007
2010-06-22,14,3099
2010-06-22,15,3644
2010-06-22,16,3955
2010-06-22,17,3745
2010-06-22,18,3225
2010-06-22,19,3356
2010-06-22,20,51
2010-06-22,23,3
2010-06-23,8,149
2010-06-23,9,48
2010-06-23,10,1364
2010-06-23,11,3389
2010-06-23,12,3335
2010-06-23,13,3365
2010-06-23,14,3384
2010-06-23,15,3732
2010-06-23,16,3845
2010-06-23,17,3799
2010-06-23,18,1889
2010-06-23,19,1939
2010-06-23,20,12
2010-06-23,23,4
2010-06-24,7,24
2010-06-24,8,75
2010-06-24,9,42
2010-06-24,10,1427
2010-06-24,11,3007
2010-06-24,12,2776
2010-06-24,13,2818
2010-06-24,14,3406
2010-06-24,15,3328
2010-06-24,16,3432
2010-06-24,17,4068
2010-06-24,18,1580
2010-06-24,19,1750
2010-06-24,20,41
2010-06-24,22,4
2010-06-24,23,1
2010-06-25,8,50
2010-06-25,9,246
2010-06-25,10,1322
2010-06-25,11,2086
2010-06-25,12,2111
2010-06-25,13,1991
2010-06-25,14,2278
2010-06-25,15,2603
2010-06-25,16,2712
2010-06-25,17,3156
2010-06-25,18,66
2010-06-26,9,15
2010-06-26,10,1179
2010-06-26,11,2810
2010-06-26,12,2822
2010-06-26,13,3203
2010-06-26,14,3464
2010-06-26,15,4001
2010-06-26,16,3739
2010-06-26,17,3782
2010-06-26,18,24
2010-06-26,23,3
2010-06-27,8,25
2010-06-27,9,17
2010-06-27,10,3
2010-06-27,11,11
2010-06-27,12,224
2010-06-27,13,2372
2010-06-27,14,2378
2010-06-27,15,2387
2010-06-27,16,2909
2010-06-27,17,427
2010-06-27,18,1
2010-06-27,22,1
2010-06-28,5,4
2010-06-28,6,1
2010-06-28,8,36
2010-06-28,9,50
2010-06-28,10,1345
2010-06-28,11,2100
2010-06-28,12,2068
2010-06-28,13,3463
2010-06-28,14,3927
2010-06-28,15,4059
2010-06-28,16,4652
2010-06-28,17,4301
2010-06-28,18,3643
2010-06-28,19,3579
2010-06-28,20,34
2010-06-28,22,1
2010-06-29,8,20
2010-06-29,9,5
2010-06-29,10,1124
2010-06-29,11,1785
2010-06-29,12,1892
2010-06-29,13,3573
2010-06-29,14,3815
2010-06-29,15,4000
2010-06-29,16,3808
2010-06-29,17,4159
2010-06-29,18,3273
2010-06-29,19,3358
2010-06-29,20,36
2010-06-29,22,1
2010-06-29,23,10
2010-06-30,7,1
2010-06-30,8,43
2010-06-30,9,91
2010-06-30,10,1235
2010-06-30,11,2916
2010-06-30,12,3070
2010-06-30,13,2738
2010-06-30,14,2913
2010-06-30,15,3341
2010-06-30,16,3465
2010-06-30,17,4262
2010-06-30,18,2115
2010-06-30,19,2044
2010-06-30,20,10
2010-06-30,23,5
2010-07-01,7,3
2010-07-01,8,160
2010-07-01,9,177
2010-07-01,10,1245
2010-07-01,11,3027
2010-07-01,12,3129
2010-07-01,13,2901
2010-07-01,14,3694
2010-07-01,15,4100
2010-07-01,16,3989
2010-07-01,17,4655
2010-07-01,18,2060
2010-07-01,19,1895
2010-07-01,20,18
2010-07-01,21,2
2010-07-02,7,31
2010-07-02,8,218
2010-07-02,9,158
2010-07-02,10,1666
2010-07-02,11,2037
2010-07-02,12,1963
2010-07-02,13,1980
2010-07-02,14,2257
2010-07-02,15,2787
2010-07-02,16,2545
2010-07-02,17,3085
2010-07-02,18,79
2010-07-03,8,3
2010-07-03,9,51
2010-07-03,10,1089
2010-07-03,11,3171
2010-07-03,12,3829
2010-07-03,13,3870
2010-07-03,14,4046
2010-07-03,15,3834
2010-07-03,16,3969
2010-07-03,17,3952
2010-07-03,18,71
2010-07-04,12,2
2010-07-04,17,1
2010-07-05,8,70
2010-07-05,9,31
2010-07-05,10,641
2010-07-05,11,1151
2010-07-05,12,1399
2010-07-05,13,2307
2010-07-05,14,2660
2010-07-05,15,2724
2010-07-05,16,2988
2010-07-05,17,2145
2010-07-05,18,1725
2010-07-05,19,1580
2010-07-05,20,6
2010-07-05,23,8
2010-07-06,8,39
2010-07-06,9,51
2010-07-06,10,1421
2010-07-06,11,1638
2010-07-06,12,1867
2010-07-06,13,3578
2010-07-06,14,3382
2010-07-06,15,3751
2010-07-06,16,3897
2010-07-06,17,4017
2010-07-06,18,3121
2010-07-06,19,3177
2010-07-06,20,8
2010-07-06,23,5
2010-07-07,8,10
2010-07-07,9,85
2010-07-07,10,1522
2010-07-07,11,2801
2010-07-07,12,2743
2010-07-07,13,2477
2010-07-07,14,3159
2010-07-07,15,3213
2010-07-07,16,3180
2010-07-07,17,3692
2010-07-07,18,1795
2010-07-07,19,1901
2010-07-07,20,15
2010-07-07,23,5
2010-07-08,7,3
2010-07-08,8,82
2010-07-08,9,163
2010-07-08,10,1362
2010-07-08,11,2580
2010-07-08,12,2974
2010-07-08,13,2679
2010-07-08,14,2731
2010-07-08,15,3032
2010-07-08,16,2774
2010-07-08,17,3193
2010-07-08,18,1441
2010-07-08,19,1620
2010-07-08,20,32
2010-07-09,6,10
2010-07-09,8,12
2010-07-09,9,35
2010-07-09,10,1596
2010-07-09,11,1662
2010-07-09,12,1837
2010-07-09,13,1851
2010-07-09,14,1893
2010-07-09,15,1995
2010-07-09,16,2240
2010-07-09,17,2169
2010-07-09,18,37
2010-07-09,19,1
2010-07-09,22,1
2010-07-10,9,14
2010-07-10,10,1470
2010-07-10,11,3026
2010-07-10,12,2970
2010-07-10,13,3455
2010-07-10,14,3439
2010-07-10,15,3719
2010-07-10,16,3595
2010-07-10,17,3314
2010-07-10,18,40
2010-07-10,23,2
2010-07-11,8,2
2010-07-11,10,23
2010-07-11,11,27
2010-07-11,12,178
2010-07-11,13,1642
2010-07-11,14,2073
2010-07-11,15,2275
2010-07-11,16,2973
2010-07-11,17,373
2010-07-11,22,1
2010-07-12,8,122
2010-07-12,9,91
2010-07-12,10,1426
2010-07-12,11,2259
2010-07-12,12,1862
2010-07-12,13,3736
2010-07-12,14,4175
2010-07-12,15,4822
2010-07-12,16,5216
2010-07-12,17,5356
2010-07-12,18,3797
2010-07-12,19,4044
2010-07-12,20,10
2010-07-12,23,5
2010-07-13,7,2
2010-07-13,8,51
2010-07-13,9,108
2010-07-13,10,1337
2010-07-13,11,1923
2010-07-13,12,2044
2010-07-13,13,3267
2010-07-13,14,3287
2010-07-13,15,3986
2010-07-13,16,3959
2010-07-13,17,4272
2010-07-13,18,3390
2010-07-13,19,3405
2010-07-13,20,14
2010-07-13,23,7
2010-07-14,7,15
2010-07-14,8,100
2010-07-14,9,58
2010-07-14,10,1264
2010-07-14,11,2640
2010-07-14,12,2960
2010-07-14,13,2761
2010-07-14,14,3000
2010-07-14,15,3286
2010-07-14,16,3418
2010-07-14,17,3663
2010-07-14,18,1743
2010-07-14,19,1781
2010-07-14,20,2
2010-07-14,23,7
2010-07-15,7,4
2010-07-15,8,368
2010-07-15,9,149
2010-07-15,10,1079
2010-07-15,11,2566
2010-07-15,12,2758
2010-07-15,13,2773
2010-07-15,14,3058
2010-07-15,15,3192
2010-07-15,16,3162
2010-07-15,17,3727
2010-07-15,18,1973
2010-07-15,19,1953
2010-07-15,20,35
2010-07-16,7,2
2010-07-16,8,2
2010-07-16,9,91
2010-07-16,10,1388
2010-07-16,11,1586
2010-07-16,12,2145
2010-07-16,13,1923
2010-07-16,14,2056
2010-07-16,15,2431
2010-07-16,16,2268
2010-07-16,17,2939
2010-07-16,18,46
2010-07-16,23,4
2010-07-17,9,13
2010-07-17,10,1117
2010-07-17,11,3104
2010-07-17,12,3398
2010-07-17,13,3558
2010-07-17,14,3988
2010-07-17,15,3845
2010-07-17,16,4064
2010-07-17,17,4080
2010-07-17,18,59
2010-07-17,23,1
2010-07-18,9,17
2010-07-18,10,2
2010-07-18,11,5
2010-07-18,12,261
2010-07-18,13,2061
2010-07-18,14,2276
2010-07-18,15,2508
2010-07-18,16,3062
2010-07-18,17,350
2010-07-18,18,3
2010-07-18,22,1
2010-07-18,23,7
2010-07-19,8,59
2010-07-19,9,73
2010-07-19,10,1206
2010-07-19,11,2077
2010-07-19,12,2119
2010-07-19,13,3947
2010-07-19,14,3571
2010-07-19,15,4123
2010-07-19,16,4240
2010-07-19,17,4746
2010-07-19,18,3597
2010-07-19,19,3693
2010-07-19,20,29
2010-07-19,23,3
2010-07-20,8,126
2010-07-20,9,123
2010-07-20,10,1277
2010-07-20,11,2114
2010-07-20,12,2190
2010-07-20,13,3442
2010-07-20,14,3521
2010-07-20,15,3825
2010-07-20,16,3801
2010-07-20,17,4154
2010-07-20,18,3165
2010-07-20,19,3420
2010-07-20,20,37
2010-07-20,23,6
2010-07-21,7,100
2010-07-21,8,66
2010-07-21,9,232
2010-07-21,10,1281
2010-07-21,11,2535
2010-07-21,12,2919
2010-07-21,13,2712
2010-07-21,14,2980
2010-07-21,15,3233
2010-07-21,16,3430
2010-07-21,17,4131
2010-07-21,18,1812
2010-07-21,19,1879
2010-07-21,20,18
2010-07-22,7,37
2010-07-22,8,85
2010-07-22,9,98
2010-07-22,10,1520
2010-07-22,11,2696
2010-07-22,12,3083
2010-07-22,13,2972
2010-07-22,14,3111
2010-07-22,15,3244
2010-07-22,16,3352
2010-07-22,17,4276
2010-07-22,18,1884
2010-07-22,19,1904
2010-07-22,20,11
2010-07-22,23,2
2010-07-23,7,1
2010-07-23,8,100
2010-07-23,9,130
2010-07-23,10,1275
2010-07-23,11,1823
2010-07-23,12,1804
2010-07-23,13,1627
2010-07-23,14,2112
2010-07-23,15,2032
2010-07-23,16,2096
2010-07-23,17,2616
2010-07-23,18,84
2010-07-24,9,5
2010-07-24,10,1248
2010-07-24,11,2949
2010-07-24,12,3156
2010-07-24,13,3577
2010-07-24,14,3425
2010-07-24,15,3353
2010-07-24,16,3405
2010-07-24,17,3683
2010-07-24,18,23
2010-07-24,20,3
2010-07-25,9,2
2010-07-25,10,12
2010-07-25,11,10
2010-07-25,12,237
2010-07-25,13,1989
2010-07-25,14,2240
2010-07-25,15,2176
2010-07-25,16,2390
2010-07-25,17,335
2010-07-25,18,16
2010-07-25,23,3
2010-07-26,7,2
2010-07-26,8,6
2010-07-26,9,33
2010-07-26,10,1338
2010-07-26,11,2162
2010-07-26,12,2082
2010-07-26,13,3406
2010-07-26,14,3740
2010-07-26,15,3809
2010-07-26,16,4075
2010-07-26,17,4236
2010-07-26,18,3476
2010-07-26,19,3416
2010-07-26,20,58
2010-07-26,22,3
2010-07-27,7,3
2010-07-27,8,8
2010-07-27,9,239
2010-07-27,10,1447
2010-07-27,11,1950
2010-07-27,12,2092
2010-07-27,13,3375
2010-07-27,14,3551
2010-07-27,15,3251
2010-07-27,16,3299
2010-07-27,17,3828
2010-07-27,18,3048
2010-07-27,19,3076
2010-07-27,20,50
2010-07-27,23,5
2010-07-28,7,18
2010-07-28,8,102
2010-07-28,9,307
2010-07-28,10,1399
2010-07-28,11,2735
2010-07-28,12,3039
2010-07-28,14,3054
2010-07-28,15,3278
2010-07-28,16,3369
2010-07-28,17,3713
2010-07-28,18,1577
2010-07-28,19,1829
2010-07-28,20,30
2010-07-28,23,4
2010-07-29,7,1
2010-07-29,8,90
2010-07-29,9,38
2010-07-29,10,1234
2010-07-29,11,2711
2010-07-29,12,2820
2010-07-29,13,2871
2010-07-29,14,2955
2010-07-29,15,3035
2010-07-29,16,3489
2010-07-29,17,3925
2010-07-29,18,1923
2010-07-29,19,1763
2010-07-29,20,4
2010-07-30,7,6
2010-07-30,8,10
2010-07-30,9,24
2010-07-30,10,1196
2010-07-30,11,1537
2010-07-30,12,1707
2010-07-30,13,1766
2010-07-30,14,1988
2010-07-30,15,1924
2010-07-30,16,2234
2010-07-30,17,2581
2010-07-30,18,39
2010-07-30,22,1
2010-07-30,23,1
2010-07-31,8,10
2010-07-31,9,9
2010-07-31,10,946
2010-07-31,11,3027
2010-07-31,12,3297
2010-07-31,13,3681
2010-07-31,14,3689
2010-07-31,15,3954
2010-07-31,16,3514
2010-07-31,17,3854
2010-07-31,18,26
2010-07-31,21,5
2010-07-31,23,1
2010-08-01,8,1
2010-08-01,9,13
2010-08-01,10,7
2010-08-01,11,15
2010-08-01,12,242
2010-08-01,13,2158
2010-08-01,14,2485
2010-08-01,15,2415
2010-08-01,16,2816
2010-08-01,17,453
2010-08-01,18,8
2010-08-01,23,1
2010-08-02,6,2
2010-08-02,8,3
2010-08-02,9,6
2010-08-02,10,1058
2010-08-02,11,1831
2010-08-02,12,2109
2010-08-02,13,3620
2010-08-02,14,3927
2010-08-02,15,4034
2010-08-02,16,4198
2010-08-02,17,4637
2010-08-02,18,3255
2010-08-02,19,3486
2010-08-02,20,24
2010-08-03,8,50
2010-08-03,9,184
2010-08-03,10,1195
2010-08-03,11,1821
2010-08-03,12,1941
2010-08-03,13,3188
2010-08-03,14,3542
2010-08-03,15,3199
2010-08-03,16,3596
2010-08-03,17,3420
2010-08-03,18,2814
2010-08-03,19,2819
2010-08-03,20,19
2010-08-03,23,1
2010-08-04,8,21
2010-08-04,9,42
2010-08-04,10,1247
2010-08-04,11,2877
2010-08-04,12,2661
2010-08-04,13,2844
2010-08-04,14,2826
2010-08-04,15,3106
2010-08-04,16,3270
2010-08-04,17,3774
2010-08-04,18,1750
2010-08-04,19,1914
2010-08-04,20,15
2010-08-04,23,1
2010-08-05,8,62
2010-08-05,9,66
2010-08-05,10,1379
2010-08-05,11,2616
2010-08-05,12,2534
2010-08-05,13,2525
2010-08-05,14,2811
2010-08-05,15,2731
2010-08-05,16,2966
2010-08-05,17,3778
2010-08-05,18,1503
2010-08-05,19,1632
2010-08-05,20,3
2010-08-06,8,10
2010-08-06,9,139
2010-08-06,10,1179
2010-08-06,11,1886
2010-08-06,12,1919
2010-08-06,13,2054
2010-08-06,14,2297
2010-08-06,15,2079
2010-08-06,16,2349
2010-08-06,17,2772
2010-08-06,18,50
2010-08-06,23,1
2010-08-07,9,11
2010-08-07,10,1135
2010-08-07,11,3008
2010-08-07,12,3681
2010-08-07,13,3608
2010-08-07,14,4029
2010-08-07,15,4014
2010-08-07,16,4251
2010-08-07,17,4034
2010-08-07,18,37
2010-08-07,23,5
2010-08-08,8,3
2010-08-08,9,1
2010-08-08,11,20
2010-08-08,12,231
2010-08-08,13,2228
2010-08-08,14,2472
2010-08-08,15,2538
2010-08-08,16,3235
2010-08-08,17,399
2010-08-08,18,7
2010-08-08,22,2
2010-08-09,8,226
2010-08-09,9,149
2010-08-09,10,1274
2010-08-09,11,1852
2010-08-09,12,2286
2010-08-09,13,3625
2010-08-09,14,4036
2010-08-09,15,4479
2010-08-09,16,4391
2010-08-09,17,4795
2010-08-09,18,3542
2010-08-09,19,3443
2010-08-09,20,24
2010-08-09,23,9
2010-08-10,8,47
2010-08-10,9,49
2010-08-10,10,1534
2010-08-10,11,1767
2010-08-10,12,1972
2010-08-10,13,3658
2010-08-10,14,3762
2010-08-10,15,3628
2010-08-10,16,3873
2010-08-10,17,4195
2010-08-10,18,3092
2010-08-10,19,3561
2010-08-10,20,29
2010-08-11,8,39
2010-08-11,9,204
2010-08-11,10,1218
2010-08-11,11,2767
2010-08-11,12,2680
2010-08-11,13,2576
2010-08-11,14,2794
2010-08-11,15,3050
2010-08-11,16,3321
2010-08-11,17,3513
2010-08-11,18,1731
2010-08-11,19,1996
2010-08-11,20,14
2010-08-11,23,4
2010-08-12,9,62
2010-08-12,10,1027
2010-08-12,11,2550
2010-08-12,12,2888
2010-08-12,13,2791
2010-08-12,14,3126
2010-08-12,15,3049
2010-08-12,16,3164
2010-08-12,17,4110
2010-08-12,18,1584
2010-08-12,19,1794
2010-08-12,20,7
2010-08-12,23,3
2010-08-13,6,2
2010-08-13,7,3
2010-08-13,8,8
2010-08-13,9,221
2010-08-13,10,1394
2010-08-13,11,1892
2010-08-13,12,1796
2010-08-13,13,1718
2010-08-13,14,1838
2010-08-13,15,1709
2010-08-13,16,2136
2010-08-13,17,2649
2010-08-13,18,19
2010-08-13,23,1
2010-08-14,8,2
2010-08-14,9,18
2010-08-14,10,1248
2010-08-14,11,3192
2010-08-14,12,3144
2010-08-14,13,3312
2010-08-14,14,3261
2010-08-14,15,3365
2010-08-14,16,3171
2010-08-14,17,3234
2010-08-14,18,30
2010-08-14,23,2
2010-08-15,8,10
2010-08-15,9,1
2010-08-15,10,3
2010-08-15,11,5
2010-08-15,12,275
2010-08-15,13,1958
2010-08-15,14,2087
2010-08-15,15,1989
2010-08-15,16,2207
2010-08-15,17,302
2010-08-15,18,8
2010-08-15,23,4
2010-08-16,8,60
2010-08-16,9,33
2010-08-16,10,1364
2010-08-16,11,2029
2010-08-16,12,2157
2010-08-16,13,3410
2010-08-16,14,3724
2010-08-16,15,3473
2010-08-16,16,3757
2010-08-16,17,4341
2010-08-16,18,3362
2010-08-16,19,3275
2010-08-16,20,14
2010-08-16,23,10
2010-08-17,8,2
2010-08-17,9,133
2010-08-17,10,1279
2010-08-17,11,1711
2010-08-17,12,1742
2010-08-17,13,3174
2010-08-17,14,3577
2010-08-17,15,3494
2010-08-17,16,3530
2010-08-17,17,3620
2010-08-17,18,3024
2010-08-17,19,3377
2010-08-17,20,12
2010-08-17,23,7
2010-08-18,8,172
2010-08-18,9,52
2010-08-18,10,1204
2010-08-18,11,2883
2010-08-18,12,2720
2010-08-18,13,2966
2010-08-18,14,3459
2010-08-18,15,3124
2010-08-18,16,3644
2010-08-18,17,4163
2010-08-18,18,1575
2010-08-18,19,1898
2010-08-18,20,5
2010-08-18,23,3
2010-08-19,8,18
2010-08-19,9,81
2010-08-19,10,1111
2010-08-19,11,2545
2010-08-19,12,2605
2010-08-19,13,3175
2010-08-19,14,2922
2010-08-19,15,3102
2010-08-19,16,3642
2010-08-19,17,4193
2010-08-19,18,1770
2010-08-19,19,1753
2010-08-19,20,20
2010-08-20,8,24
2010-08-20,9,9
2010-08-20,10,1174
2010-08-20,11,1800
2010-08-20,12,1776
2010-08-20,13,1865
2010-08-20,14,2115
2010-08-20,15,2319
2010-08-20,16,2522
2010-08-20,17,2947
2010-08-20,18,31
2010-08-20,21,4
2010-08-21,9,19
2010-08-21,10,1207
2010-08-21,11,2802
2010-08-21,12,3494
2010-08-21,13,3518
2010-08-21,14,3827
2010-08-21,15,3737
2010-08-21,16,3604
2010-08-21,17,3367
2010-08-21,18,34
2010-08-21,21,12
2010-08-21,22,7
2010-08-21,23,1
2010-08-22,9,12
2010-08-22,10,11
2010-08-22,11,4
2010-08-22,12,290
2010-08-22,13,2532
2010-08-22,14,2437
2010-08-22,15,2639
2010-08-22,16,3183
2010-08-22,17,484
2010-08-22,18,11
2010-08-22,21,3
2010-08-22,22,1
2010-08-23,6,1
2010-08-23,8,100
2010-08-23,9,21
2010-08-23,10,1257
2010-08-23,11,2011
2010-08-23,12,2313
2010-08-23,13,3330
2010-08-23,14,3844
2010-08-23,15,3786
2010-08-23,16,4150
2010-08-23,17,3952
2010-08-23,18,3539
2010-08-23,19,3110
2010-08-23,20,38
2010-08-23,21,5
2010-08-23,22,3
2010-08-24,8,160
2010-08-24,9,60
2010-08-24,10,1237
2010-08-24,11,1810
2010-08-24,12,2047
2010-08-24,13,3297
2010-08-24,14,3347
2010-08-24,15,3331
2010-08-24,16,3963
2010-08-24,17,3751
2010-08-24,18,2986
2010-08-24,19,3187
2010-08-24,20,30
2010-08-24,23,8
2010-08-25,6,1
2010-08-25,8,297
2010-08-25,9,37
2010-08-25,10,1507
2010-08-25,11,2649
2010-08-25,12,2981
2010-08-25,13,3143
2010-08-25,14,3198
2010-08-25,15,3364
2010-08-25,16,3731
2010-08-25,17,4002
2010-08-25,18,1824
2010-08-25,19,1884
2010-08-25,20,8
2010-08-25,23,5
2010-08-26,7,1
2010-08-26,8,59
2010-08-26,9,200
2010-08-26,10,1549
2010-08-26,11,3634
2010-08-26,12,3452
2010-08-26,13,3432
2010-08-26,14,3381
2010-08-26,15,3911
2010-08-26,16,4566
2010-08-26,17,4688
2010-08-26,18,2193
2010-08-26,19,1783
2010-08-26,20,25
2010-08-27,6,4
2010-08-27,8,94
2010-08-27,9,148
2010-08-27,10,1522
2010-08-27,11,2067
2010-08-27,12,2384
2010-08-27,13,2418
2010-08-27,14,2518
2010-08-27,15,2618
2010-08-27,16,2920
2010-08-27,17,3233
2010-08-27,18,46
2010-08-27,23,8
2010-08-28,9,12
2010-08-28,10,1559
2010-08-28,11,4305
2010-08-28,12,3963
2010-08-28,13,4509
2010-08-28,14,4837
2010-08-28,15,4997
2010-08-28,16,4961
2010-08-28,17,4647
2010-08-28,18,55
2010-08-28,23,4
2010-08-29,9,17
2010-08-29,10,15
2010-08-29,11,48
2010-08-29,12,472
2010-08-29,13,4310
2010-08-29,14,4412
2010-08-29,15,4058
2010-08-29,16,5555
2010-08-29,17,561
2010-08-29,18,19
2010-08-29,21,1
2010-08-29,23,1
2010-09-07,7,1
2010-09-07,8,146
2010-09-07,9,167
2010-09-07,10,1474
2010-09-07,11,2421
2010-09-07,12,2499
2010-09-07,13,4288
2010-09-07,14,4294
2010-09-07,15,4452
2010-09-07,16,3937
2010-09-07,17,4234
2010-09-07,18,3400
2010-09-07,19,3382
2010-09-07,20,6
2010-09-07,23,2
2010-09-08,8,215
2010-09-08,9,210
2010-09-08,10,1412
2010-09-08,11,2164
2010-09-08,12,2644
2010-09-08,13,2680
2010-09-08,14,2874
2010-09-08,15,3211
2010-09-08,16,3546
2010-09-08,17,3567
2010-09-08,18,1807
2010-09-08,19,1659
2010-09-08,20,10
2010-09-08,23,5
2010-09-09,6,1
2010-09-09,8,184
2010-09-09,9,135
2010-09-09,10,1072
2010-09-09,11,1867
2010-09-09,12,2176
2010-09-09,13,2346
2010-09-09,14,2829
2010-09-09,15,3248
2010-09-09,16,3356
2010-09-09,17,4129
2010-09-09,18,1515
2010-09-09,19,1339
2010-09-09,20,9
2010-09-09,23,1
2010-09-10,8,23
2010-09-10,9,192
2010-09-10,10,1234
2010-09-10,11,1609
2010-09-10,12,1711
2010-09-10,13,1695
2010-09-10,14,2016
2010-09-10,15,2052
2010-09-10,16,2617
2010-09-10,17,2595
2010-09-10,18,54
2010-09-10,23,1
2010-09-11,8,1
2010-09-11,9,12
2010-09-11,10,1199
2010-09-11,11,3760
2010-09-11,12,3452
2010-09-11,13,3701
2010-09-11,14,3777
2010-09-11,15,3957
2010-09-11,16,4051
2010-09-11,17,3266
2010-09-11,18,49
2010-09-12,0,2
2010-09-12,9,1
2010-09-12,10,2
2010-09-12,11,3
2010-09-12,12,263
2010-09-12,13,2411
2010-09-12,14,2451
2010-09-12,15,2816
2010-09-12,16,3253
2010-09-12,17,510
2010-09-12,18,1
2010-09-13,0,4
2010-09-13,5,2
2010-09-13,7,6
2010-09-13,8,25
2010-09-13,9,181
2010-09-13,10,1298
2010-09-13,11,1823
2010-09-13,12,1763
2010-09-13,13,3311
2010-09-13,14,3530
2010-09-13,15,4007
2010-09-13,16,4291
2010-09-13,17,4592
2010-09-13,18,3704
2010-09-13,19,3181
2010-09-13,20,23
2010-09-14,0,4
2010-09-14,8,103
2010-09-14,9,81
2010-09-14,10,1403
2010-09-14,11,1656
2010-09-14,12,1778
2010-09-14,13,2828
2010-09-14,14,3418
2010-09-14,15,3459
2010-09-14,16,4019
2010-09-14,17,3963
2010-09-14,18,3318
2010-09-14,19,2719
2010-09-14,20,4
2010-09-14,23,2
2010-09-15,8,107
2010-09-15,9,158
2010-09-15,10,1445
2010-09-15,11,2366
2010-09-15,12,2394
2010-09-15,13,2615
2010-09-15,14,2842
2010-09-15,15,3478
2010-09-15,16,3704
2010-09-15,17,4335
2010-09-15,18,1748
2010-09-15,19,1310
2010-09-15,20,4
2010-09-16,0,2
2010-09-16,7,1
2010-09-16,8,2
2010-09-16,9,46
2010-09-16,10,1251
2010-09-16,11,2429
2010-09-16,12,2414
2010-09-16,13,2682
2010-09-16,14,2733
2010-09-16,15,3217
2010-09-16,16,3935
2010-09-16,17,4001
2010-09-16,18,1544
2010-09-16,19,1604
2010-09-16,20,3
2010-09-16,21,2
2010-09-17,7,4
2010-09-17,8,16
2010-09-17,9,5
2010-09-17,10,1398
2010-09-17,11,1887
2010-09-17,12,1801
2010-09-17,13,1916
2010-09-17,14,2043
2010-09-17,15,2401
2010-09-17,16,2521
2010-09-17,17,2937
2010-09-17,18,28
2010-09-18,9,9
2010-09-18,10,1229
2010-09-18,11,3829
2010-09-18,12,3908
2010-09-18,13,3786
2010-09-18,14,4283
2010-09-18,15,4306
2010-09-18,16,4076
2010-09-18,17,4289
2010-09-18,18,29
2010-09-18,23,12
2010-09-19,8,1
2010-09-19,9,3
2010-09-19,10,8
2010-09-19,11,21
2010-09-19,12,297
2010-09-19,13,2553
2010-09-19,14,2591
2010-09-19,15,2858
2010-09-19,16,3637
2010-09-19,17,396
2010-09-19,18,5
2010-09-20,6,2
2010-09-20,8,22
2010-09-20,9,153
2010-09-20,10,1132
2010-09-20,11,1694
2010-09-20,12,1904
2010-09-20,13,3261
2010-09-20,14,3156
2010-09-20,15,3373
2010-09-20,16,4231
2010-09-20,17,4446
2010-09-20,18,3697
2010-09-20,19,2673
2010-09-20,20,7
2010-09-20,23,6
2010-09-21,7,4
2010-09-21,8,60
2010-09-21,9,119
2010-09-21,10,1083
2010-09-21,11,1543
2010-09-21,12,1400
2010-09-21,13,3059
2010-09-21,14,3071
2010-09-21,15,3479
2010-09-21,16,3627
2010-09-21,17,4056
2010-09-21,18,3566
2010-09-21,19,2521
2010-09-21,20,7
2010-09-21,23,4
2010-09-22,7,1
2010-09-22,8,247
2010-09-22,9,95
2010-09-22,10,942
2010-09-22,11,2373
2010-09-22,12,2446
2010-09-22,13,2269
2010-09-22,14,2739
2010-09-22,15,3031
2010-09-22,16,3415
2010-09-22,17,3997
2010-09-22,18,2001
2010-09-22,19,1689
2010-09-22,20,10
2010-09-22,23,4
2010-09-23,7,33
2010-09-23,8,143
2010-09-23,9,52
2010-09-23,10,1299
2010-09-23,11,1876
2010-09-23,12,1921
2010-09-23,13,2396
2010-09-23,14,3110
2010-09-23,15,3129
2010-09-23,16,3576
2010-09-23,17,3820
2010-09-23,18,1744
2010-09-23,19,1457
2010-09-23,20,11
2010-09-23,23,7
2010-09-24,7,13
2010-09-24,8,8
2010-09-24,9,34
2010-09-24,10,1352
2010-09-24,11,1510
2010-09-24,12,1517
2010-09-24,13,1751
2010-09-24,14,1758
2010-09-24,15,2039
2010-09-24,16,2258
2010-09-24,17,2622
2010-09-24,18,55
2010-09-24,20,2
2010-09-24,21,2
2010-09-24,23,4
2010-09-25,7,2
2010-09-25,9,12
2010-09-25,10,1293
2010-09-25,11,3302
2010-09-25,12,3172
2010-09-25,13,3269
2010-09-25,14,3512
2010-09-25,15,3391
2010-09-25,16,3554
2010-09-25,17,2988
2010-09-25,18,13
2010-09-25,23,3
2010-09-26,8,1
2010-09-26,9,15
2010-09-26,10,9
2010-09-26,11,15
2010-09-26,12,254
2010-09-26,13,2475
2010-09-26,14,2603
2010-09-26,15,2715
2010-09-26,16,3287
2010-09-26,17,430
2010-09-26,18,16
2010-09-26,19,2
2010-09-27,8,203
2010-09-27,9,165
2010-09-27,10,1239
2010-09-27,11,1499
2010-09-27,12,1711
2010-09-27,13,2823
2010-09-27,14,3142
2010-09-27,15,3780
2010-09-27,16,4209
2010-09-27,17,4119
2010-09-27,18,3165
2010-09-27,19,2688
2010-09-27,20,5
2010-09-28,8,92
2010-09-28,9,19
2010-09-28,10,1292
2010-09-28,11,1430
2010-09-28,12,1482
2010-09-28,13,2898
2010-09-28,14,3195
2010-09-28,15,3411
2010-09-28,16,3642
2010-09-28,17,3797
2010-09-28,18,2988
2010-09-28,19,2698
2010-09-28,20,16
2010-09-29,7,4
2010-09-29,8,13
2010-09-29,9,23
2010-09-29,10,1198
2010-09-29,11,2267
2010-09-29,12,2222
2010-09-29,13,2522
2010-09-29,14,3011
2010-09-29,15,3181
2010-09-29,16,3603
2010-09-29,17,3654
2010-09-29,18,1807
2010-09-29,19,1450
2010-09-29,20,5
2010-09-29,21,1
2010-09-30,7,2
2010-09-30,8,8
2010-09-30,11,1
2010-09-30,12,9
2010-09-30,13,2494
2010-09-30,14,2882
2010-09-30,15,2705
2010-09-30,16,3089
2010-09-30,17,3645
2010-09-30,18,1536
2010-09-30,19,1524
2010-09-30,20,23
2010-10-01,8,60
2010-10-01,9,64
2010-10-01,10,1289
2010-10-01,11,1511
2010-10-01,12,1477
2010-10-01,13,1592
2010-10-01,14,1868
2010-10-01,15,1807
2010-10-01,16,2314
2010-10-01,17,2558
2010-10-01,18,33
2010-10-01,22,2
2010-10-01,23,1
2010-10-02,8,1
2010-10-02,9,10
2010-10-02,10,1214
2010-10-02,11,3242
2010-10-02,12,3567
2010-10-02,13,3638
2010-10-02,14,3559
2010-10-02,15,3974
2010-10-02,16,4140
2010-10-02,17,3648
2010-10-02,18,34
2010-10-03,8,1
2010-10-03,9,4
2010-10-03,10,11
2010-10-03,11,3
2010-10-03,12,202
2010-10-03,13,2037
2010-10-03,14,2819
2010-10-03,15,2703
2010-10-03,16,2968
2010-10-03,17,368
2010-10-03,18,6
2010-10-03,22,1
2010-10-04,8,8
2010-10-04,9,232
2010-10-04,10,1050
2010-10-04,11,1592
2010-10-04,12,1793
2010-10-04,13,2816
2010-10-04,14,3051
2010-10-04,15,3436
2010-10-04,16,4403
2010-10-04,17,3843
2010-10-04,18,3503
2010-10-04,19,2580
2010-10-04,20,25
2010-10-04,23,2
2010-10-05,0,3
2010-10-05,8,68
2010-10-05,9,253
2010-10-05,10,1117
2010-10-05,11,1765
2010-10-05,12,1533
2010-10-05,13,3010
2010-10-05,14,2945
2010-10-05,15,2932
2010-10-05,16,3308
2010-10-05,17,3789
2010-10-05,18,3036
2010-10-05,19,2429
2010-10-05,20,11
2010-10-06,7,2
2010-10-06,8,9
2010-10-06,9,30
2010-10-06,10,1165
2010-10-06,11,2344
2010-10-06,12,2449
2010-10-06,13,2278
2010-10-06,14,2609
2010-10-06,15,3225
2010-10-06,16,3182
2010-10-06,17,3698
2010-10-06,18,2142
2010-10-06,19,1530
2010-10-06,20,5
2010-10-06,23,6
2010-10-07,8,20
2010-10-07,9,137
2010-10-07,10,1176
2010-10-07,11,2560
2010-10-07,12,2295
2010-10-07,13,2388
2010-10-07,14,2632
2010-10-07,15,3188
2010-10-07,16,3422
2010-10-07,17,3986
2010-10-07,18,1689
2010-10-07,19,1375
2010-10-07,20,6
2010-10-07,23,4
2010-10-08,5,4
2010-10-08,6,4
2010-10-08,7,1
2010-10-08,8,16
2010-10-08,9,79
2010-10-08,10,1338
2010-10-08,11,1702
2010-10-08,12,2046
2010-10-08,13,2224
2010-10-08,14,2323
2010-10-08,15,2238
2010-10-08,16,2472
2010-10-08,17,2669
2010-10-08,18,45
2010-10-08,22,1
2010-10-08,23,3
2010-10-09,7,1
2010-10-09,9,10
2010-10-09,10,1300
2010-10-09,11,3552
2010-10-09,12,3676
2010-10-09,13,4090
2010-10-09,14,4164
2010-10-09,15,4136
2010-10-09,16,3924
2010-10-09,17,2991
2010-10-09,18,46
2010-10-09,23,1
2010-10-10,8,13
2010-10-10,9,7
2010-10-10,10,15
2010-10-10,11,4
2010-10-10,12,285
2010-10-10,13,2639
2010-10-10,14,2575
2010-10-10,15,2982
2010-10-10,16,3263
2010-10-10,17,370
2010-10-10,18,7
2010-10-10,23,2
2010-10-11,7,1
2010-10-11,8,136
2010-10-11,9,126
2010-10-11,10,1139
2010-10-11,11,1431
2010-10-11,12,1523
2010-10-11,13,2814
2010-10-11,14,3319
2010-10-11,15,3096
2010-10-11,16,3751
2010-10-11,17,3700
2010-10-11,18,3095
2010-10-11,19,2376
2010-10-11,20,16
2010-10-12,7,53
2010-10-12,8,149
2010-10-12,9,192
2010-10-12,10,1183
2010-10-12,11,1465
2010-10-12,12,1672
2010-10-12,13,2816
2010-10-12,14,2838
2010-10-12,15,3386
2010-10-12,16,3819
2010-10-12,17,3833
2010-10-12,18,3028
2010-10-12,19,2577
2010-10-12,20,35
2010-10-13,7,1
2010-10-13,8,22
2010-10-13,9,139
2010-10-13,10,1222
2010-10-13,11,2490
2010-10-13,12,2327
2010-10-13,13,2578
2010-10-13,14,2439
2010-10-13,15,2873
2010-10-13,16,3458
2010-10-13,17,3498
2010-10-13,18,2019
2010-10-13,19,1435
2010-10-13,20,4
2010-10-14,7,57
2010-10-14,8,31
2010-10-14,9,63
2010-10-14,10,1206
2010-10-14,11,2007
2010-10-14,12,2240
2010-10-14,13,2320
2010-10-14,14,2644
2010-10-14,15,2766
2010-10-14,16,3330
2010-10-14,17,3400
2010-10-14,18,1777
2010-10-14,19,1291
2010-10-14,20,11
2010-10-14,21,1
2010-10-15,7,36
2010-10-15,8,121
2010-10-15,9,121
2010-10-15,10,1251
2010-10-15,11,1352
2010-10-15,12,1761
2010-10-15,13,1968
2010-10-15,14,1925
2010-10-15,15,2292
2010-10-15,16,2591
2010-10-15,17,3164
2010-10-15,18,88
2010-10-16,8,3
2010-10-16,9,9
2010-10-16,10,1368
2010-10-16,11,3444
2010-10-16,12,3536
2010-10-16,13,3694
2010-10-16,14,4070
2010-10-16,15,4223
2010-10-16,16,4120
2010-10-16,17,3431
2010-10-16,18,37
2010-10-17,8,1
2010-10-17,10,4
2010-10-17,11,5
2010-10-17,12,231
2010-10-17,13,2158
2010-10-17,14,2264
2010-10-17,15,2560
2010-10-17,16,2928
2010-10-17,17,385
2010-10-18,8,168
2010-10-18,9,138
2010-10-18,10,950
2010-10-18,11,1847
2010-10-18,12,1652
2010-10-18,13,2895
2010-10-18,14,3313
2010-10-18,15,3573
2010-10-18,16,3769
2010-10-18,17,4291
2010-10-18,18,3633
2010-10-18,19,2472
2010-10-18,20,3
2010-10-19,7,5
2010-10-19,8,119
2010-10-19,9,150
2010-10-19,10,1054
2010-10-19,11,1490
2010-10-19,12,1445
2010-10-19,13,2926
2010-10-19,14,3443
2010-10-19,15,3147
2010-10-19,16,3526
2010-10-19,17,3670
2010-10-19,18,2984
2010-10-19,19,2298
2010-10-19,20,27
2010-10-20,8,317
2010-10-20,9,234
2010-10-20,10,1075
2010-10-20,11,2327
2010-10-20,12,2396
2010-10-20,13,2207
2010-10-20,14,2352
2010-10-20,15,3181
2010-10-20,16,3514
2010-10-20,17,3866
2010-10-20,18,1845
2010-10-20,19,1463
2010-10-20,20,12
2010-10-20,23,3
2010-10-21,8,55
2010-10-21,9,154
2010-10-21,10,1193
2010-10-21,11,2328
2010-10-21,12,2058
2010-10-21,13,2358
2010-10-21,14,2594
2010-10-21,15,3068
2010-10-21,16,3458
2010-10-21,17,4122
2010-10-21,18,1580
2010-10-21,19,1291
2010-10-21,23,2
2010-10-22,6,10
2010-10-22,8,85
2010-10-22,9,87
2010-10-22,10,1223
2010-10-22,11,1748
2010-10-22,12,1759
2010-10-22,13,1868
2010-10-22,14,1970
2010-10-22,15,2163
2010-10-22,16,2567
2010-10-22,17,2805
2010-10-22,18,72
2010-10-22,23,4
2010-10-23,9,13
2010-10-23,10,1393
2010-10-23,11,3515
2010-10-23,12,3808
2010-10-23,13,3818
2010-10-23,14,4180
2010-10-23,15,4324
2010-10-23,16,3883
2010-10-23,17,3643
2010-10-23,18,34
2010-10-23,23,5
2010-10-24,8,5
2010-10-24,9,7
2010-10-24,10,6
2010-10-24,11,4
2010-10-24,12,247
2010-10-24,13,2474
2010-10-24,14,2331
2010-10-24,15,2600
2010-10-24,16,3260
2010-10-24,17,569
2010-10-24,18,1
2010-10-24,19,1
2010-10-24,23,2
2010-10-25,8,201
2010-10-25,9,84
2010-10-25,10,1092
2010-10-25,11,1547
2010-10-25,12,1724
2010-10-25,13,2759
2010-10-25,14,3222
2010-10-25,15,3426
2010-10-25,16,4048
2010-10-25,17,4140
2010-10-25,18,3389
2010-10-25,19,2573
2010-10-25,20,10
2010-10-26,8,95
2010-10-26,9,137
2010-10-26,10,1263
2010-10-26,11,1615
2010-10-26,12,1523
2010-10-26,13,2837
2010-10-26,14,2815
2010-10-26,15,3244
2010-10-26,16,3765
2010-10-26,17,3911
2010-10-26,18,2549
2010-10-26,19,2468
2010-10-26,20,12
2010-10-27,8,139
2010-10-27,9,171
2010-10-27,10,1030
2010-10-27,11,2469
2010-10-27,12,2642
2010-10-27,13,2911
2010-10-27,14,3142
2010-10-27,15,3364
2010-10-27,16,3363
2010-10-27,17,3703
2010-10-27,18,1753
2010-10-27,19,1368
2010-10-27,20,5
2010-10-28,8,98
2010-10-28,9,106
2010-10-28,10,1154
2010-10-28,11,2303
2010-10-28,12,2292
2010-10-28,13,2405
2010-10-28,14,2657
2010-10-28,15,2958
2010-10-28,16,3484
2010-10-28,17,3727
2010-10-28,18,1463
2010-10-28,19,1088
2010-10-28,20,9
2010-10-29,7,13
2010-10-29,8,7
2010-10-29,9,27
2010-10-29,10,1229
2010-10-29,11,1352
2010-10-29,12,1522
2010-10-29,13,1658
2010-10-29,14,1826
2010-10-29,15,2105
2010-10-29,16,2135
2010-10-29,17,2470
2010-10-29,18,18
2010-10-29,20,3
2010-10-29,22,1
2010-10-30,8,9
2010-10-30,9,33
2010-10-30,10,1248
2010-10-30,11,3416
2010-10-30,12,3768
2010-10-30,13,3623
2010-10-30,14,3896
2010-10-30,15,3977
2010-10-30,16,4024
2010-10-30,17,3623
2010-10-30,18,29
2010-10-31,10,4
2010-10-31,11,2
2010-10-31,12,323
2010-10-31,13,2479
2010-10-31,14,2651
2010-10-31,15,2076
2010-10-31,16,2231
2010-10-31,17,346
2010-11-01,7,3
2010-11-01,8,3
2010-11-01,9,177
2010-11-01,10,840
2010-11-01,11,1340
2010-11-01,12,1524
2010-11-01,13,2608
2010-11-01,14,2944
2010-11-01,15,3452
2010-11-01,16,4349
2010-11-01,17,4181
2010-11-01,18,2911
2010-11-01,19,2295
2010-11-01,20,31
2010-11-01,23,2
2010-11-02,7,1
2010-11-02,8,9
2010-11-02,9,271
2010-11-02,10,1259
2010-11-02,11,1758
2010-11-02,12,1818
2010-11-02,13,3339
2010-11-02,14,3506
2010-11-02,15,3812
2010-11-02,16,3994
2010-11-02,17,4115
2010-11-02,18,3270
2010-11-02,19,2447
2010-11-02,20,7
2010-11-03,8,8
2010-11-03,9,152
2010-11-03,10,1063
2010-11-03,11,2209
2010-11-03,12,2215
2010-11-03,13,2484
2010-11-03,14,2440
2010-11-03,15,2679
2010-11-03,16,3451
2010-11-03,17,4101
2010-11-03,18,1941
2010-11-03,19,1507
2010-11-03,20,4
2010-11-04,8,93
2010-11-04,9,73
2010-11-04,10,1110
2010-11-04,11,2182
2010-11-04,12,2339
2010-11-04,13,2300
2010-11-04,14,2426
2010-11-04,15,2689
2010-11-04,16,3314
2010-11-04,17,3549
2010-11-04,18,1709
2010-11-04,19,1536
2010-11-04,20,42
2010-11-04,22,3
2010-11-05,6,2
2010-11-05,8,70
2010-11-05,9,74
2010-11-05,10,1391
2010-11-05,11,1574
2010-11-05,12,1750
2010-11-05,13,1846
2010-11-05,14,1966
2010-11-05,15,2294
2010-11-05,16,2627
2010-11-05,17,2761
2010-11-05,18,14
2010-11-06,7,1
2010-11-06,9,9
2010-11-06,10,1257
2010-11-06,11,3687
2010-11-06,12,4304
2010-11-06,13,4443
2010-11-06,14,4563
2010-11-06,15,4478
2010-11-06,16,4488
2010-11-06,17,3253
2010-11-06,18,55
2010-11-07,9,5
2010-11-07,10,13
2010-11-07,11,11
2010-11-07,12,329
2010-11-07,13,3171
2010-11-07,14,3270
2010-11-07,15,2985
2010-11-07,16,2819
2010-11-07,17,317
2010-11-07,18,12
2010-11-07,23,3
2010-11-08,7,3
2010-11-08,8,128
2010-11-08,9,250
2010-11-08,10,1376
2010-11-08,11,1698
2010-11-08,12,1844
2010-11-08,13,3286
2010-11-08,14,3313
2010-11-08,15,3934
2010-11-08,16,4483
2010-11-08,17,3907
2010-11-08,18,2840
2010-11-08,19,2515
2010-11-08,20,13
2010-11-09,8,62
2010-11-09,9,80
2010-11-09,10,1310
2010-11-09,11,1416
2010-11-09,12,1698
2010-11-09,13,3065
2010-11-09,14,3061
2010-11-09,15,3425
2010-11-09,16,3819
2010-11-09,17,3511
2010-11-09,18,2590
2010-11-09,19,2312
2010-11-09,20,21
2010-11-10,7,12
2010-11-10,8,60
2010-11-10,9,82
2010-11-10,10,1321
2010-11-10,11,2793
2010-11-10,12,2808
2010-11-10,13,2943
2010-11-10,14,2988
2010-11-10,15,3568
2010-11-10,16,4252
2010-11-10,17,4159
2010-11-10,18,1605
2010-11-10,19,1656
2010-11-10,20,21
2010-11-12,7,74
2010-11-12,8,41
2010-11-12,9,42
2010-11-12,10,1608
2010-11-12,11,2251
2010-11-12,12,2454
2010-11-12,13,2465
2010-11-12,14,2573
2010-11-12,15,3006
2010-11-12,16,3180
2010-11-12,17,3405
2010-11-12,18,35
2010-11-13,9,11
2010-11-13,10,1312
2010-11-13,11,4170
2010-11-13,12,4725
2010-11-13,13,4750
2010-11-13,14,4899
2010-11-13,15,5124
2010-11-13,16,5103
2010-11-13,17,3560
2010-11-13,18,21
2010-11-13,20,4
2010-11-13,23,1
2010-11-14,10,7
2010-11-14,11,7
2010-11-14,12,356
2010-11-14,13,2646
2010-11-14,14,2647
2010-11-14,15,2969
2010-11-14,16,3125
2010-11-14,17,382
2010-11-14,22,1
2010-11-15,7,3
2010-11-15,8,103
2010-11-15,9,138
2010-11-15,10,1141
2010-11-15,11,1916
2010-11-15,12,1869
2010-11-15,13,3115
2010-11-15,14,3360
2010-11-15,15,3804
2010-11-15,16,4201
2010-11-15,17,3989
2010-11-15,18,2655
2010-11-15,19,2383
2010-11-15,20,28
2010-11-15,22,2
2010-11-16,5,5
2010-11-16,8,26
2010-11-16,9,44
2010-11-16,10,1095
2010-11-16,11,1419
2010-11-16,12,1599
2010-11-16,13,2726
2010-11-16,14,2904
2010-11-16,15,3204
2010-11-16,16,3829
2010-11-16,17,3690
2010-11-16,18,2353
2010-11-16,19,2260
2010-11-16,20,14
2010-11-16,22,1
2010-11-17,8,370
2010-11-17,9,237
2010-11-17,10,1027
2010-11-17,11,2032
2010-11-17,12,2173
2010-11-17,13,2518
2010-11-17,14,2827
2010-11-17,15,3161
2010-11-17,16,3916
2010-11-17,17,3728
2010-11-17,18,1730
2010-11-17,19,1517
2010-11-17,20,2
2010-11-17,23,4
2010-11-18,7,2
2010-11-18,8,238
2010-11-18,9,91
2010-11-18,10,1124
2010-11-18,11,2757
2010-11-18,12,2768
2010-11-18,13,2689
2010-11-18,14,2985
2010-11-18,15,3459
2010-11-18,16,3661
2010-11-18,17,3535
2010-11-18,18,1510
2010-11-18,19,1241
2010-11-18,20,1
2010-11-18,23,7
2010-11-19,8,67
2010-11-19,9,5
2010-11-19,10,1071
2010-11-19,11,1922
2010-11-19,12,2001
2010-11-19,13,2015
2010-11-19,14,1897
2010-11-19,15,2652
2010-11-19,16,2538
2010-11-19,17,2776
2010-11-19,18,43
2010-11-19,23,4
2010-11-20,8,2
2010-11-20,9,4
2010-11-20,10,1611
2010-11-20,11,4393
2010-11-20,12,4642
2010-11-20,13,4642
2010-11-20,14,4731
2010-11-20,15,5274
2010-11-20,16,4926
2010-11-20,17,3791
2010-11-20,18,25
2010-11-20,23,8
2010-11-21,9,3
2010-11-21,10,2
2010-11-21,11,11
2010-11-21,12,369
2010-11-21,13,2922
2010-11-21,14,2820
2010-11-21,15,2970
2010-11-21,16,3362
2010-11-21,17,239
2010-11-21,18,14
2010-11-21,23,3
2010-11-22,7,1
2010-11-22,8,4
2010-11-22,9,7
2010-11-22,10,848
2010-11-22,11,1812
2010-11-22,12,2122
2010-11-22,13,3599
2010-11-22,14,3740
2010-11-22,15,3590
2010-11-22,16,2695
2010-11-22,17,1896
2010-11-22,18,137
2010-11-22,19,134
2010-11-23,12,7
2010-11-23,13,3142
2010-11-23,14,3761
2010-11-23,15,3783
2010-11-23,16,4004
2010-11-23,17,106
2010-11-24,10,30
2010-11-24,11,29
2010-11-24,12,4098
2010-11-24,13,4737
2010-11-24,14,4681
2010-11-24,15,5347
2010-11-24,16,3589
2010-11-24,17,83
2010-11-26,7,9
2010-11-26,8,42
2010-11-26,9,59
2010-11-26,10,1648
2010-11-26,11,2334
2010-11-26,12,2454
2010-11-26,13,2814
2010-11-26,14,2975
2010-11-26,15,3117
2010-11-26,16,2529
2010-11-26,17,2177
2010-11-26,18,27
2010-11-27,9,19
2010-11-27,10,1228
2010-11-27,11,3683
2010-11-27,12,4261
2010-11-27,13,4578
2010-11-27,14,4759
2010-11-27,15,4666
2010-11-27,16,4533
2010-11-27,17,3165
2010-11-27,18,23
2010-11-27,23,4
2010-11-28,8,7
2010-11-28,9,3
2010-11-28,10,6
2010-11-28,11,14
2010-11-28,12,320
2010-11-28,13,2660
2010-11-28,14,2944
2010-11-28,15,3231
2010-11-28,16,3576
2010-11-28,17,495
2010-11-28,18,25
2010-11-29,8,150
2010-11-29,9,90
2010-11-29,10,1452
2010-11-29,11,1639
2010-11-29,12,1772
2010-11-29,13,3374
2010-11-29,14,3681
2010-11-29,15,4394
2010-11-29,16,4942
2010-11-29,17,4130
2010-11-29,18,2996
2010-11-29,19,2717
2010-11-29,20,29
2010-11-29,23,6
2010-11-30,8,10
2010-11-30,9,9
2010-11-30,10,1064
2010-11-30,11,1501
2010-11-30,12,1714
2010-11-30,13,2956
2010-11-30,14,3196
2010-11-30,15,3721
2010-11-30,16,3952
2010-11-30,17,3832
2010-11-30,18,2754
2010-11-30,19,2482
2010-11-30,20,16
2010-11-30,23,1
2010-12-01,6,2
2010-12-01,7,3
2010-12-01,8,7
2010-12-01,9,75
2010-12-01,10,1289
2010-12-01,11,2291
2010-12-01,12,2547
2010-12-01,13,2676
2010-12-01,14,2808
2010-12-01,15,3480
2010-12-01,16,3730
2010-12-01,17,3589
2010-12-01,18,1878
2010-12-01,19,1575
2010-12-01,20,44
2010-12-01,23,3
2010-12-02,7,11
2010-12-02,8,59
2010-12-02,9,46
2010-12-02,10,1093
2010-12-02,11,2327
2010-12-02,12,2248
2010-12-02,13,2447
2010-12-02,14,2478
2010-12-02,15,2973
2010-12-02,16,3546
2010-12-02,17,3418
2010-12-02,18,1704
2010-12-02,19,1250
2010-12-02,20,16
2010-12-03,6,4
2010-12-03,7,1
2010-12-03,8,14
2010-12-03,9,242
2010-12-03,10,1120
2010-12-03,11,1684
2010-12-03,12,1741
2010-12-03,13,1842
2010-12-03,14,1734
2010-12-03,15,2520
2010-12-03,16,2384
2010-12-03,17,2562
2010-12-03,18,28
2010-12-03,23,1
2010-12-04,7,2
2010-12-04,9,14
2010-12-04,10,1309
2010-12-04,11,3431
2010-12-04,12,3868
2010-12-04,13,3880
2010-12-04,14,4794
2010-12-04,15,4208
2010-12-04,16,3992
2010-12-04,17,3218
2010-12-04,18,43
2010-12-05,8,1
2010-12-05,9,3
2010-12-05,10,4
2010-12-05,11,18
2010-12-05,12,217
2010-12-05,13,2443
2010-12-05,14,2872
2010-12-05,15,2898
2010-12-05,16,3060
2010-12-05,17,342
2010-12-05,18,8
2010-12-05,20,1
2010-12-06,6,1
2010-12-06,7,64
2010-12-06,8,375
2010-12-06,9,191
2010-12-06,10,986
2010-12-06,11,1377
2010-12-06,12,1544
2010-12-06,13,2976
2010-12-06,14,2999
2010-12-06,15,3843
2010-12-06,16,4582
2010-12-06,17,3643
2010-12-06,18,2602
2010-12-06,19,2377
2010-12-06,20,45
2010-12-06,23,1
2010-12-07,7,20
2010-12-07,8,74
2010-12-07,9,244
2010-12-07,10,1132
2010-12-07,11,1579
2010-12-07,12,1511
2010-12-07,13,2823
2010-12-07,14,2910
2010-12-07,15,3333
2010-12-07,16,3670
2010-12-07,17,3190
2010-12-07,18,2367
2010-12-07,19,2047
2010-12-07,20,45
2010-12-08,7,2
2010-12-08,8,61
2010-12-08,9,190
2010-12-08,10,1088
2010-12-08,11,2279
2010-12-08,12,2254
2010-12-08,13,2981
2010-12-08,14,2769
2010-12-08,15,3047
2010-12-08,16,3757
2010-12-08,17,3672
2010-12-08,18,1686
2010-12-08,19,1364
2010-12-08,20,7
2010-12-09,8,323
2010-12-09,9,41
2010-12-09,10,1042
2010-12-09,11,2211
2010-12-09,12,2254
2010-12-09,13,2503
2010-12-09,14,2755
2010-12-09,15,3425
2010-12-09,16,3260
2010-12-09,17,3121
2010-12-09,18,1314
2010-12-09,19,1256
2010-12-09,20,5
2010-12-10,7,9
2010-12-10,8,46
2010-12-10,9,118
2010-12-10,10,1085
2010-12-10,11,1467
2010-12-10,12,1944
2010-12-10,13,1923
2010-12-10,14,2114
2010-12-10,15,2445
2010-12-10,16,2509
2010-12-10,17,2431
2010-12-10,18,51
2010-12-11,8,1
2010-12-11,9,17
2010-12-11,10,1180
2010-12-11,11,3612
2010-12-11,12,4182
2010-12-11,13,4242
2010-12-11,14,4034
2010-12-11,15,4068
2010-12-11,16,4293
2010-12-11,17,3186
2010-12-11,18,30
2010-12-11,23,4
2010-12-12,8,9
2010-12-12,9,2
2010-12-12,10,16
2010-12-12,11,4
2010-12-12,12,288
2010-12-12,13,2330
2010-12-12,14,2454
2010-12-12,15,2456
2010-12-12,16,3040
2010-12-12,17,297
2010-12-12,20,6
2010-12-13,7,4
2010-12-13,8,178
2010-12-13,9,209
2010-12-13,10,1304
2010-12-13,11,1677
2010-12-13,12,1861
2010-12-13,13,2984
2010-12-13,14,3048
2010-12-13,15,3704
2010-12-13,16,3806
2010-12-13,17,3264
2010-12-13,18,2618
2010-12-13,19,2525
2010-12-13,20,16
2010-12-14,7,1
2010-12-14,8,22
2010-12-14,9,159
2010-12-14,10,1258
2010-12-14,11,1333
2010-12-14,12,1568
2010-12-14,13,3229
2010-12-14,14,3015
2010-12-14,15,3436
2010-12-14,16,4116
2010-12-14,17,3543
2010-12-14,18,2647
2010-12-14,19,2525
2010-12-14,20,12
2010-12-14,21,2
2010-12-15,7,3
2010-12-15,8,265
2010-12-15,9,165
2010-12-15,10,1359
2010-12-15,11,2088
2010-12-15,12,2096
2010-12-15,13,2489
2010-12-15,14,2942
2010-12-15,15,3219
2010-12-15,16,3588
2010-12-15,17,2969
2010-12-15,18,1494
2010-12-15,19,1253
2010-12-15,20,1
2010-12-15,23,1
2010-12-16,7,2
2010-12-16,8,119
2010-12-16,9,205
2010-12-16,10,904
2010-12-16,11,1984
2010-12-16,12,2287
2010-12-16,13,2565
2010-12-16,15,3043
2010-12-16,16,3363
2010-12-16,17,3238
2010-12-16,18,1335
2010-12-16,19,1468
2010-12-16,20,6
2010-12-16,23,3
2010-12-17,8,66
2010-12-17,9,64
2010-12-17,10,1124
2010-12-17,11,1571
2010-12-17,12,1503
2010-12-17,13,1774
2010-12-17,14,2132
2010-12-17,15,2382
2010-12-17,16,2372
2010-12-17,17,2472
2010-12-17,18,56
2010-12-18,8,6
2010-12-18,9,5
2010-12-18,10,1365
2010-12-18,11,3246
2010-12-18,12,3886
2010-12-18,13,4162
2010-12-18,14,4414
2010-12-18,15,4086
2010-12-18,16,3922
2010-12-18,17,3306
2010-12-18,18,29
2010-12-18,21,4
2010-12-18,23,2
2010-12-19,10,2
2010-12-19,11,10
2010-12-19,12,226
2010-12-19,13,2299
2010-12-19,14,2192
2010-12-19,15,2522
2010-12-19,16,2898
2010-12-19,17,344
2010-12-19,18,1
2010-12-20,6,11
2010-12-20,8,37
2010-12-20,9,149
2010-12-20,10,1217
2010-12-20,11,2067
2010-12-20,12,2102
2010-12-20,13,3845
2010-12-20,14,3940
2010-12-20,15,3949
2010-12-20,16,4160
2010-12-20,17,3638
2010-12-20,18,2889
2010-12-20,19,2416
2010-12-20,20,10
2010-12-21,7,1
2010-12-21,8,188
2010-12-21,9,93
2010-12-21,10,1397
2010-12-21,11,2022
2010-12-21,12,1782
2010-12-21,13,3574
2010-12-21,14,3981
2010-12-21,15,3489
2010-12-21,16,3944
2010-12-21,17,3032
2010-12-21,18,2170
2010-12-21,19,2266
2010-12-21,20,30
2010-12-22,5,6
2010-12-22,7,24
2010-12-22,8,26
2010-12-22,9,63
2010-12-22,10,1064
2010-12-22,11,2864
2010-12-22,12,3055
2010-12-22,13,2933
2010-12-22,14,3208
2010-12-22,15,3544
2010-12-22,16,3614
2010-12-22,17,3379
2010-12-22,18,1355
2010-12-22,19,1535
2010-12-22,20,35
2010-12-22,23,14
2010-12-23,7,33
2010-12-23,8,6
2010-12-23,9,61
2010-12-23,10,1363
2010-12-23,11,2754
2010-12-23,12,3041
2010-12-23,13,3282
2010-12-23,14,3010
2010-12-23,15,3829
2010-12-23,16,4213
2010-12-23,17,3456
2010-12-23,18,1470
2010-12-23,19,1292
2010-12-23,20,12
2010-12-23,21,4
2010-12-26,8,3
2010-12-26,9,11
2010-12-26,10,4
2010-12-26,11,28
2010-12-26,12,282
2010-12-26,13,1973
2010-12-26,14,2209
2010-12-26,15,2612
2010-12-26,16,2808
2010-12-26,17,266
2010-12-26,18,13
2010-12-26,22,3
2010-12-27,7,25
2010-12-27,8,23
2010-12-27,9,36
2010-12-27,10,1140
2010-12-27,11,1932
2010-12-27,12,2135
2010-12-27,13,3699
2010-12-27,14,4312
2010-12-27,15,4095
2010-12-27,16,4162
2010-12-27,17,3602
2010-12-27,18,2282
2010-12-27,19,2037
2010-12-27,20,15
2010-12-28,5,2
2010-12-28,7,9
2010-12-28,8,117
2010-12-28,9,78
2010-12-28,10,1137
2010-12-28,11,1539
2010-12-28,12,1952
2010-12-28,13,3365
2010-12-28,14,4001
2010-12-28,15,3832
2010-12-28,16,4197
2010-12-28,17,3231
2010-12-28,18,2433
2010-12-28,19,2149
2010-12-28,20,44
2010-12-29,7,1
2010-12-29,8,28
2010-12-29,9,132
2010-12-29,10,1067
2010-12-29,11,2881
2010-12-29,12,3123
2010-12-29,13,2942
2010-12-29,14,3382
2010-12-29,15,3586
2010-12-29,16,3764
2010-12-29,17,3577
2010-12-29,18,1584
2010-12-29,19,1221
2010-12-29,20,35
2010-12-29,23,7
2010-12-30,8,2
2010-12-30,9,26
2010-12-30,10,1036
2010-12-30,11,2365
2010-12-30,12,2889
2010-12-30,13,3156
2010-12-30,14,3630
2010-12-30,15,3676
2010-12-30,16,3902
2010-12-30,17,3496
2010-12-30,18,1489
2010-12-30,19,963
2010-12-30,23,5
2010-12-31,6,4
2010-12-31,9,8
2010-12-31,10,973
2010-12-31,11,1522
2010-12-31,12,2016
2010-12-31,13,2479
2010-12-31,14,2457
2010-12-31,15,2361
2010-12-31,16,2172
2010-12-31,17,1589
2010-12-31,18,17
2010-12-31,21,2
